reviews,label
kemeja nya bagusss bgttttaaaa mauuu nngisssssknpa ga dri dlu beli kemeja ditoko ini ini kemejanya asli emg bagus bahannya jga adem ga gerahand ga nerawang jga itu krna camera nya jelek jdi ga trlalu jelas kemejanya asliny baguss bgttt ga bhong sumpah,1
jahitannya sih rapicuman ada benang yang ikut ke jahit juga jadi agak jelek,0
sesuai harga agak tipis tapi masih oke kok warnanya abu tapi kalo difoto emang kayak biru dikit thanks sellerr,0
wah gila sihhh sebagus itu se worth it se lembut itu bajunya kirain bakal terlalu tipis ky kemeja ku yg lama ternyata sedikit ky kaos bajunya baklgus bettt dah dgn harga segitu sih worth it thankyou yh next bakal order lgi,1
kain nya bagus halus tapi kok di bukak kotor ya warna putih lagi,0
baguss dehh dengan harga segitu kainnya juga ga tipis banget dan ga tebel banget kalo putih emang harus pake daleman biar ga nerawang bagussss pengiriman juga ga lama,1
harga mahal bahan tipis banget pengiriman lama tapi warna realpict maaf fotonya gak sesuai karena udah di cuci,0
puas bangett awalnya takut jelek soalnya buat foto yearbook ternyata pas dateng bagusss,1
agak kecewa sihh karna pesan warna fuschia malah datengnya pink mohon di teliti lagi dong kak,0
maaf tak kasi bintang karena tdk sesuai gambar digambar menutupi bokong ternyata pas nyampe pendek banget padahal saya gak tinggi tinggi banget cm pas pertama buka kancing lgsg lepas,0
baguss bgttt walau agak lama tapi setimpal dg barangnya besok beli lagi deh xixi,1
terimakasih bajunya udah sampai belum di coba juga cuma pengiriman nya aja yg lama,0
realpict bahan aga panas sesuai dengan harga pengemasan rapi pengiriman agak lama padahal cuma beda kota mungkin nunggu ready,0
bahannya bagus siiiii tapi kependekannnnnn agak kecewa soalnya emang lagi butuhhhh,0
lambat bngt anjir gak dateng,0
bahan ny tipisuntung ny milih wrn gelappas d badan,0
barang tak sesuai ekspektasi bahan berbeda dengan yg diinginkan dan contoh kurirnya juga gila ga nganter ke rumah disuruh ambil sendiri padahal milihnya sampe rumah bkn ambil sendiri,0
nyesel cuma belik harga segitu kainnya bagus banget gak bikin gerah aslikknyeselll next de beli lagi,1
ga tau mau bilang apa asli deh ini bagus banget guys harga e cuma rb aja padahal tapi kwalitas bagus polll bahanya jatuh gitu kek kemeja mahal padahal murah banget tapi kwalitas oke makasih seller fiks si ini bakal jadi langganan nyesel cuma beli nextime mau beli warnah hitam,1
sebagusss ini adem bahannya dengan hargaaa segituu jgn ragu ragu beli di toko ini buruan cek out thanks seller love love,1
trauma beli disinii bahan katanya katun pas asliinya kaya bahan yg bau bau gt dibadan bahanya kresek,0
uda nyampe lama si baru saya kasih penilaian kemeja harga segitu harusnya di murahin dikit si soalnya bahannya tipis panas dan menerawang karna warna putih tapi yasudahlah musti di dobel pake manset biar gk nerawang bgt,0
bahan nya lembut engga terlalu nerawang karna beli nya yg warna gelap ya tapi baguss lah di harga segitu,1
pengiriman sangat lama gak ada respon juga dari penjualnya bahannya juga tipis banget tapi ya lumayanlah,0
sumpaahhh baju rb sekeren iniiii gak ngerti lgi bener diluar ekspektasiibahannya tu bukan bahan abal gtuu adem gak kasar worth it lah pokoknyaa pasti koleksi warna lainnya nii thx ka,1
sumpah tipis banget kemeja nya terawang banget dan simpel kemeja biasa aja gitu terlalu mahal sih kalau harga sigitu,0
hem nya baguss bangettmo meninggoygak mengecewakan gak nyesel jugaharga e mantullll makasihhh udah dateng tepat waktuuadmin e fast respon bangett gedenya pas dibadan aku bb,1
adem bahannya ga terlalu tipis ga terlalu tebal jugaa,1
bajunya dasarnya kasar nggak soft jadi nggak menyerap keringat dan tipis nerawang juga,0
lmyan baguss bhanya bju putih emang harus pake daleman yaa ssukses terus seller terimakasih,1
ukurannya pas bahan gak terlalu panas makasih babang kurir,1
barang cepet bangetttt nyampenya gilaaaakkkkkk pesen kemarin pagi tadi sore nyampe tau aja klo urgent bahan lumayan kayanya agak nerawang dikit gapapa tinggal pake manset baju dan ada sedikit noda di kerahnyatapi gapapa overall okeelahh maciewwww seleerrrrrrrr,1
bahan alus tipis tapi sepertinya enggak nerawang kalo warna gelap pengiriman cepet recomended lah buat ganti,1
kecil brrrooo cm g segituentahlah harus komen apa kalo bahan tipis g masalah tapi ukurannya bukan,0
okesih cuma ketiaknya yg kekecilan buatku kayaknya mau ku jual lg,0
barangnya udh smpee pengemasan nyaa lamaa bgtt mngkin krn pengirimannya jg telat nyampee bahannya adem ga tebal ga tipis jgaa worth it to buy lah anw army nya lumayan gelap dr yg di foto yaa but ttp oke sih,0
bahann nya baguss pollgak terlalu merawanggak panas dipake jugathree betsss sukaa bangettt,1
bahanya kok tipis banget ya terus agak kaku kayak panas gitu tapi gak tau kalo udah di cuci ntar gimana,0
real picture tp ternyata kekecilan sama aku jadi gk bs makai duhh siapa yang mo beliii jual rugi ajalahhh,0
tdk real pick kecewa di tapi ya emang harganya sesuai minta slamet,0
ini pembelian ke di toko ini tapi kali ini agak kecewa karna baju yg warna putih nya kotor di bagian belakang sama depan nya juga terus yg baju putih kyknya lebih besar dari ukuran yg lain tapi masih bisa di pakai nanti klw noda nya bisa hilang bintangnya aku ubah lagi,0
baguss banget bahan ga terlalu tipis juga,1
pengiriman agak lama,0
bajunya kotor di bagian leher,0
kaka kerahnya ko bolong pengiriman jg agak lama,0
kecewabngaaaattkirain katun ternyata gkkayak kain kafan gitubahanya tidak jatuh,0
bahan lumayan dengan harga segitu cuman warna yang dikirim beda sma yang di foto pesan mocca tpi yang datang lebih gelap dari pada yang di foto malah kyak coklat pramuka,0
kedua kaliny beli kemeja dsni lembut bgt lumayan tebel jg pdhl hargany ga mahal,1
kecewa bahan y jelek panas warnanya juga gak sesuai ekspektasi kancing baju y gak sesuai foto emang ya ada harga ada rupa,0
kemejanya bagusss bangetttt nyesel sih cuma beli tp gapapa nanti order lagi hehe makasi seller yg sudah amanah mas kurir,1
bahan bagus adem dipake tebal jugaa cuma pengiriman agak lama tapi barang sangat puass,1
pengiriman lama dan kualitas produk sangat tipis nerawang mnyesal belanja d toko ini,0
keterangan di gambar panjang baju tapi ini cm sedikit kecewa,0
jelek bgttttttttnyeselbelinyabahanya tipiss bgt gk sesuai dgn ekspetasi,0
agak kecewa sih modelnya kaku banget kaya mau buat kerja training padahal di gambar buat casual gitu huh,0
kainnya sangat tipis dan kemejanya kekecilan pengirimannya lama banget nyesel bnget udh pesan,0
model tunik ini sangat cantik warnanya juga grey cantik harganya reasonable cuma pengirimannya lama banget its a good product though,1
pesanan baru nyamapai ni pengiriman lama hampir minggu bahannya jelek buat harga segini mahal dengan bahan yg sangat tipis,0
warna abu nya lebih gelap jd seperti wrn hitam untuk ukurannya termasuk kecil jd xxl seperti xl bahan nya tipis ga begitu tebal,0
bahannya adem dan bagus cuma salah kirim warna padahal pesen warna biru tapi dikirim warna grey untuk kurit anteraja ramah,0
trimksh sdh sampaibhn agk tipis tp lembut kirain akan sama warna abu muda seperti di pict ehhh datengnya abu gelap kalau seprti itu lain kali pictnya diganti biar yg beli g kecewa cuma saran aja sih karena ini mau dijual lagi yg satu ga jdi dibeli deh smga kdepnnya lbh baik,0
warna nya gak sesuai dengan yang di fototerlalu gelap,0
paket q uda sampe dgn selamat tp syng agak mengecewakan kok wrnny beda ya abu tua tu,0
agak kecewa sih bahan ny tipis bangat,0
lama nyampenya,0
warna nya jreng banget kirain sof atau ga jreng jdi ngeri mau make nya ga cocok di badan sama bingung pake celana wrna apa ga enk wrnanya mending ambil wrna lain deh klo mau beli jng ccho klo model nya mendingan la,0
ini warnanya lebih nyala tpi kalo difoto jadi gituu gk tau kenapaa trus kainnya licinn enak si kalo dipake aku sukaa cuma bingung stylenya jadi gimana soalnya lengannya cuma sampe depan siku ya agak panjang lah suka banget tpi jahitannya yang bgian dalem kurang rpi jadi mau dirapihin lagii,0
awalnya ragu karna harga yg begitu murah bgt dan liat komentnya positif bgt jadi sukaa and mau beli tpi takut nyesel karna suka bgt harga dan kualitas oke bgt so pertama kali beli langsung dan ²nya itu smuaa gada yg rusakbikin kecewa omgtt trims reseller dan kurir amanah bgttt,1
bahan oke hanya saja ekspektasi nya tuu lengannya tidak cantung gitu tapi ternyata cantung whehe,0
kecewa bnget,0
saya pesenya cardigan batwing bukan pasmina sangat kecewa,0
bajunya ada yang robek fatal bgt sumpah kecewa parah sama toko ini lain kali teliti lagi ya,0
baguss cuma bahannya tipis dn keset gitu lengannya jga trlalu pendek cuma sesiku doang sesuailah sama hargaa,0
saya sangat kecewasaya pesan hitam kok abu abu yg sampe lain kali teliti dong kaksoalnya itu punya orang bukan punya saya,0
kainnya mayan lah ukuran pas si badan tpy ada cacat sedikit bolong di bagian pundak untung g keliatan tpy gpp,0
yang dikirim cuma baju aja jilbabnya tdk adapadahal pesan jilbabnya juga,0
gilaaa inisih cardigan ternyaman enak banget buat pergi pergi,1
respon seller sangat buruk dichat baik gak ada balasan baik dichat mau ajukan pembatalan malah ditolak hari kemudian saat barang baru proses kirim baru ada respon sudah dikirim kai yaiyalah oiya di leher cardingannya cuttingannya aneh banget mending gausah ada bagian itu,0
cepet banget pengiriman nya padahal dari kudus jawa tengah ke bekasi cuma sehari doang sampe kaget seneng,1
gila bguss bngt thanksss pokonya bkl jdi langganan,1
aneh bajunya bikin emosi ga pas bgt d badan ngantung plus nyekek bgt d leher klok d pakek ke tarik dari lengannya pas d pakek bajunya nyesel bgt,0
dilengan pendek bngt and nerawang,0
terlalu kecillll,0
pengiriman lama,0
pesen cuma dikirim,0
ga sesuai motifnya beda banget sama yg di foto kancing yg notabene cuma hiasan aja ga lurus mengecewakan,0
bagus banget barangnya realpict pengiriman jg cepat sy kira lama krn review nya byk yg blg smpe mgu ternyata cepat makasih seller cuss beli lagi disini yg mau beli jgn ragu meskipun agak mahal tp barang mmg nggak murahan,1
pengiriman lama bgt dahh trs di gambar warnanya agak cream muda gitu pas nyampe warnanya malah putih dih,0
lihat di note nya sy mau bunga besar warna biru yg datang bunga kecil warna putih sy tidak tau anda tidak membaca note nya atau anda tau tapi diam saja tidak info asal main kirim saja,0
gila bagus bangettt ga nyesel stok tinggal cuss gw order makasih sucses terus ya,1
coraknya pas ga beda jauh sama yang di foto bahannya jatuh adem tipis tapi ga terlalu nerawang pas di banget di aku yang tingginya dan bbnya pengiriman agak lama tapi gapapa barang datang dengan selamat thank you,1
baju nya cantik ngak kecewa pokok nya bahan nya juga adem,1
kecepatan pengiriman nya lumayan lambat sih,0
lama di pengirimannya,0
kedua kalinya beli disini baguss kok meskipun gak ongkirrr kalo ke aku,1
bajunyaa baguuusss bangeettt di aku tangannya ga terlalu pendek pas deh pokoknya,1
maaf foto aga melenceng kemeja nya oke cuma kependekan di lengan bahan jga oke sukaa ama kemeja nya cuma di aku aga kekecilan hehe,1
pasti nya cantik bajunya udh dua kali kok order disini foto itu order baju yg pertama,1
baguss bgt asliii ga usah ragu² buat chekout gyss maap ga sempet ngefoto kemeja nya soalnya udah keburu dipake sma sppu,1
bajunya pendek bnget dan lengannya terlalu tinggi sy fikir jd gak bisa dipake buat pengguna hijab kainnya tipis bget dan terawang jahitan agak kasar,0
bahannya jatoh adem awalnya kok gede ternyata engga hihi maciw next order lagi,1
wkwkw kocak produk bajunya kurang sesuai dg yg di gambar tangannya lebih pendek gabisa gabilang aneh bgt ke ini baju,0
bagussss polll cuma emang model tangan nya jadi kayak keliatan bngtt,1
alhamdulilah udah sampai adem parah sih bahannya walaupun tangannya rada kegedean lengannya tp mungkin emang modelnya begitu sukakk,1
ketiga kalinya beli disini cuttingnya emang cocok bangett bikin keliatan kurus weyy cuma kok skrg harganya naik sih,1
pengirimann cepet banget sih bahnnnya adem rayon nya juga yang ngga terlalu tipis gitu sukaaaa bakal order lagi sih,1
plisss inimah nyesel beli doangggg bahannya adem pisan ngga gerah sama sekali cuy awalnya mikir bakal kegedean tpi malah jdi keliatan montok parah cpt bgt lgi sehari dah nyampe next beli lagi mau warna sage,1
baguss bangettt racun dari kak alda lengan ¾ model oversize,1
bagus banget langganan disini ga bosan bahan adem sejuk dan ga nerawang,1
ke xnya beli disini emang paling top harga murah tapi ya ga murahan kualitasnya,1
kereeeen nih bahan nya adem sempet salah beli di toko sebelah dengan model yg sama tapi beda bahan good seller recommended banget,1
ternyata warnanya gak sama kayak di foto warnanya lebih tua dari fotonya duh mdh cust aku gak kecewa,0
udah kali belanja disinidan selalu bagussbut untuk bahan yang kali ini lebih kasar aja siiyang kemarin bener² halus maybe harus di cuci dulu baru dapet wbahan yang halus,1
kedua kalinya beli disini emang ga pernah mengecewakan thanks seller,1
paketnya nyanpenya cepett banget biasanya haei paket ku baru nyampe eh yang ini cuma hari kemejanya juga bagus bahannya lembut ga terlalu tebel juga ga terlalu tipis worth it dengan harga segitu oh iya coksunya ga mirip pink itu mungkin karena pake flash jadi kayak mirip pink gitu,1
buagus bgt sihhh gila dengan harga segitu kainnya adem banget terus jatuh pula sukakk next mau beli lagi ahhh hehehehehehe,1
bagusss bangett recommended yg mau beli ditoko ini ga diragukan lagi ga ges yaa gudd muat di aku yg kg xixixi,1
bagus banget astagaaa kacau sih fix bgt nnti rebuy woeeeeee,1
bahan adem warna soft pokoknyaaa bagussss pollll dehhh udahh beli yang ke kalii juga karna emang sebagus ituu,1
beli yg keduakalinyaaa gapernah gagal tengkyuuu endorse akudongggg ahahaha,1
beli model kaya gini di toko cuma beda warna aja perbedaan bahan kelihatan bagus ini bahannya tidak merawang bahan langsung klihatan adem padahal sama bahan rayon,1
harga segini yah ttp worth itmau ber ekspetasi katun rayon di mall ya salah cm cutting an blakang kurang sinkronmiring gtu ga simetris,0
bajunya bgus bahannya adem jumbo juga ukurannya ternyata tangannya pendek baget tp gapapa baguss kok,1
bahannya super adem banget kainnya lemes gitu jatuh cmn ke gedean jadi makainya kayak ibu hamil,1
masyaallah cantiknya ga nyesel order disini makasi ya ka insyallah bakalan order yg warna lain bahannya ga terlalu tebal dan ga terlalu tipis sesuai harga tapi ku syukkaaaaa,1
bagus bajunya kainnya juga jatuh dingin lagi pokoknya gak rugi deh klo beli di sini bagusssssssssssssssssssssssss,1
bahan adem kualitas standar panjang lengan lebib pendek drpd perkiraan,1
sumpah bagus bangett bahannya adem pengirimannya juga cepet bgt sampe kaget kok udh sampe aja nggknyesel dan tidak mengecewakan mau order lg tp warna yg dipgn dh keburu habis,1
okeeeeeeeeeeeeeeeeeeeeeeeeeee bangettttt ga kecewa ih besok belanja sini lagi aja,1
adem bingitt bahannya sukaa deh sayangnya kurang panjang dikit tpi kualitas tetep okeeee kok,1
kemejanya bagusss bgt bahannya warnanya bener bener soft bgttt ga norak gt sihhh bahaannyaa juraaaaaaaa bgt,1
bagusss bgt kemejanya bs jadi outer juga lengannya ga terlalu pendek bahannya adem thank you,1
bahannya adem kain jatuh gtu ga panas dan ga bikin gerah sayangnya agak pendek di aku pasan di bawah pinggang dikit tapi sukaaa bngt,1
baguss bangetttt barang oriiginal tidak ada kerusakan di pesanan terimakasihh,1
ga kecewa dengan barang nya real pic banget dan adem di pake pas banget dengan cuaca panasmakasih kak,1
best banget ini mah nyesel yg model ini cuma pesen satu bahannya lembut syukaa pokoknya thanks seller insyaallah jadi langganan tapi pengiriman agak lambat menurutku,1
sukaaaa bangettttt bahannya ademmmmnnnn parah,1
bagus bahannya adem hanya saja modelnya kurang cocok untuk aku tapi bagus banget kok ini hanya masalah taste aja,1
cepet banget baru kemarin pesen hari ini langsung dateng bahan bagus rayon lengannya emang agak pendek tapi overal oke kok bagus,1
ga nyangka cepet bangettt sampenyaaa bahannya bagusss bangetadem dipakebener bener ga ngecewain nyesel cuma beli doangbakal beli lagi si,1
alhamdulillah barangnya bagus kalo masalah bahan terawang apa ngga setau saya sih bahan rayon tetep terawang mau harga mahal apa ngga tapi ini worth it sih menurutku dengan harga segitu,1
fix ini sih bgus parahmksh seller,1
bahan nya adem bangetlembut gak nyangka bakal sebagus ini warna nya juga gak norak,1
gila whorit bgt sumpah bahannya itu adem next bakal order disini,1
sudah kali beli disini next mau beli lagi krna emang sebagus itu,1
bahan bagus adem jatoh tapi rada kecewa aku minta warna lilac yang dikirim abu kecewa banget sih jd males kalo mau beli lagi teh,0
bagus bangetttttt bahannya adem dan ga nerawang best deh cuma masalah dipengiriman aja tapi overall good next bakal oder lagi,1
baju tipis agak nerawang untung warnanya item mungkin kalo warna laen lebih nerawang lagi kain agak kasar,0
bahannya adem ga terlalu tipis,1
baguss bgttbahan adem dn tebalga terlalu tipis,1
bahanya ga bikinn gerah jatuhh,1
cuma legan ke q kurang panjang dikit,0
nyesel beli cuma satu,1
bahannya panas terus nerawang bukan katun kaya yg sebelumnya aku pesan sedikit kecewa ihh,0
udah bbrapa kali beli di toko ini bahannya ga pernah mengecewakan adem bangetttt,1
bgaaaaaaaaus bangeeeet tauuukayak kemeja yang mahal gituuulembut banget lagiii ini ni bakalan order selalu si,1
rada jengkel sih sama pengirimannya agak lelet tp itukan dr pihak kurir ya bkn dr pihak owner untuk bajunya bagus bgtbahan adem trs jg ga nerawang pokoknya luvvv bgt ga nyesel thank you,1
i love it so much bahan rayon emng the best sih gk begitu tipis dan gk tebel juga adem parah suka bgt sama semuanya pasti bakal beli lagi disini warnanya cute parah gemoyyyyyy,1
kemaren tetangga yg beli malah keracunan dong emg sebagus itu gais kemejanya,1
pengirimannya cepet banget pesen sabtu pagi minggu siang sudah sampai bajunya juga lumayan lah oke untuk harga segitu gak terlalu menerawang baju putih emang wajar kalau menerawang bahannya juga flowyadem tapi ternyata panjang bajunya gak sepanjang yang aku bayangin wkwk tapi overall,1
bahan rayon sih emang adem yah cuma tangan y ngatung di aku pas dipake kaya lengan blm dicoba semoga gak kegedean thanks,0
bagooos nyesal cuma beli pengemasannua sehari doang the best sih,1
gak meragukan sih rekomend bgttt th u sellerrrr,1
thank youu ka kacamata nyaa udah sampee nihhh kualitas nyaa bagusss padahal harganya murahh walaupun rada kebesaran tp emg muka aku kecil sih tp gpp aku puasss,1
kualitas produk sangat baik real pict cuma pengirimannya agak lama tpi okelahh dengan harga segitu,1
ternyata tipisjadi nya ringkih yg putih kaca nya retakeh yg ini juga kerangka nyabpatahjadi nya kaca nya lepaspas di buka packing nya kaca nya lepasmungkin karna tertumpuk jadi pas di expedisi nya padahal udah pake buble,0
dari yg di beli kaca nya copot varian model nya juga tidak sesuai orderan sebenarnya kecewa walaupun harga murah masa iya jadi rugi karena kacamata tdk bisa d pakai semoga lain kali lebih teliti dalam mengirimkan barang mau kasi bintang cuma ga tega,1
kacamatanya kurang gelap aku maunya yg gelap kacamatanya dibawa sama adek jadi gak bisa difoto makasih yaaa,0
bagussss kacamatanyaa mewah yaa kayak mahal banget gt tebel juga dan no kaleng laaahh,1
kaca mata yang dateng bagus banget harga segitu kacamata kelihatan mahal gak bakal nyesel beli kacamata ini yang ada bakal order lagi,1
pengirimanpengemasan lumayan cepet harga murceeee bgt tp keliatan kek mahal model nya bagusss thank u,1
sebenernya gak ada yang rusak sih cuman kaca nya gede banget terus kaya beda samaa gambar nya pengiriman nya lama hhe tapi gak papa makasihh,0
kacamata nya kerennn bangetttt aku sukaa ditambah kekecewaan badaiii bakal jadi langganan ni,1
kacamatanya dalam keadaan bagus cuma gagangnya agak longgar dikit yang sebelah tapi oke kok,0
mantapp tidak perlu diragukan lagi beli disini pertahankann,1
saya order kacamata gm black pcs datangnya yang bener cuma pcs sajayang pcs tanpa bungkus dan pcs lagi gak tau itu model apayang jelas bukan gm padahal selalu repeat order lusinan disini satu lagi dulu bungkusnya selalu gentle monster tapi sekarang gentle mustangtolong next di chek lg,0
sy pesan yg titiknya kok dikirim yg titik klo emang stok gak ada kan bisa bilang ke sy ini malah kirim sesuka hati padahal aku udah langganan disni udah banyak kali belanja ko kali ini mengecewakan banget,0
alhamdulillah guys berkali kali order ngga kecewa dengan harga yang gila bangetttt lebih miring dari toko lain tengkyu yah kak lancar selalu bakal langganan kak,1
ternyata sma kaya si gentle mustang coba tau beli satu aja tingkatkan lagi packingnya bilangnya di live free bubble wrap ternyata dtang cuma pake plastik hitam untung saja tdk ada yg pecah kacamatanya,0
paket sudah sampai selalu langganan disini sudah sejak lama terimakasih seller,1
terimakasih paket baru saja datang stelah pengiriman lama tapi untung nya sampe sebelum lebaran over all smua barang baguss pengemasan oke,1
baguss bangetttt bubble wrap tebel jugaa pembelian pertama langsung dua ga mengecewakan makasihh,1
tokonya barangnya adkinnya emang top banget dikaish buble warp juga padahal gal beli makasih banget,1
sudah sampai barangnya terimakasih seller walaupun lama pengemasannya,1
penantian yang panjang ya agak lama pengirimannya packingnya kebuka gak tau kenapa udah kek gitu tapi untung gda barang yang ilang,0
lama sampeknya pdahal ket bukan dr luar negri sampe kesel sensiri nunggunya,0
kacamatanya baguuuss bgt dgn harga semurah ituu gg kalah sama kacamata yg mahal thanks seller dan shoppe,1
pengiriman lama admin respon lama kualitas produk standar,0
suka bgt brngnya oke walaupun salah satu brngnya ada yg salah oke lah saya terima tapi yang lain oke bgt,1
mendarat dengan sempurna barangnya bagus ga mengecewakan terimakasih yaaa,1
sumpah kece parah sih ini kacamatanya gak nyesel dah beli,1
mantull lahh untuk harga seginii hihi mantapp semoga tahan lama yaa pengiriman standar kacamatanya juga baguss kok worth it lahh,1
bagussss cuma pengiriman lamaaaaaaaaaa tapi bagusssssssss,1
bagus kacamatanya tapi sayaang pas dateng ke rumah kondisi tangkai kacamata sudah patah tapi mau gimana lagi hanya satu yang cacat besok pesen lagi aja,0
ngk tau udah order berapa kali di toko ini pokoknya the best ngk pernah kecewa kalo pesan di toko ini,1
oke banget aku syukaaaa dari segi pengiriman aja sih agak lambat ga kya biasanya tapi pas liat barangnya kereeen dech pokonya harga murce udh dapat kacamata kece badaii,1
bagusssssss bangetttttttttt woiiiiiiiiiiii worth it parah si pas dimuka aku bikin nambah kekerenanya,1
parah kece beuddddm murmerrr murah tapi gak murahannn kece badai parahhhh parah prahhh,1
saya pesan tapi kok yang datang cuma satu ya,0
kacamatanya yg di ksh kok gk ada lambangnya ya trs kliatan murahan amat,0
pesen yang dikirim doang respon penjual lama banget minta pengembalian dana gk di respon,0
kacamata nya ngga ada padahal pembayaran full dan bukan harganya tp tanggung jawabnya sebagai pelapak di chat ga d bales,0
real pictcumannn pengiriman agak lama sihhhhh huhuuuu,0
bagus sukakkkkkk pengirimannya cepet cuma dari pihak ekspedisi nya aja yg lama,1
pengemasan tokoh lama sekali melebihi hri baru dikirim pdhal uda minta cancelin aj tpi tetap ga mau sementara aku urgent banget barang ny sekrang brang ny malah ga terpakai,0
pas mau buka barangnya kurang kacamata nya gk dikirim yang dikirm hanya masker dan maskara padahal udh tertera dipengiriman kacamata udh ada aduhh kecewa bangett sama toko ini lain kali didouble check lagi yaa min,0
sumpah bener bener kecewa bngt baru beli di toko ini pertama kali malah dibikin kecewa tdinya mau pesen lgi buat kita foto kelas tapi baru pesen pertama udah kayak ginikacanya cuman sebelah doank mana lepas lagiini gmna si niat ga si untuk jualan kecewa bngt sumpah,0
kece banget dong pas dipake pandangannya enggak langsung jadi gelap bgt tp oke buat dipakai panas²,1
so gorgeous murah banget lagii cuma di toko lain ada yg keratas dan rata belasan ribu pengemasannya nya aja sih lama pesen tgl baru nyampe sekarang,1
ya tau sih harganya murah tp bener bener kaya mainan bgt bener bener bahan plastik pdhl ada tmn sblmnya beli di toko ini kacamatanya bagus makanya minta link toko ini eh pas beli kok bahan kacamatanya beda dan pengirimannya lama bgt ga worth it nunggu lama dgn bahan kacamata kaya gini sorry,0
bagus amaattt rb setebel ini parah parah paraahhh,1
sebenarnya pengen kasih bintang nggak mau ribet karena shopee menolak kepaksa kasih thk,0
toppesanan lengkaptpi d kemas ny lama bettttd chatbru d kirim mungkin lgi overloadmksihhh,0
muraah sekali kaca matanya tp syg ada cacat sedikit di pinggiran tp masih bs dipakai anak sy bingkai tipis,0
minus di pengiriman aja yg telat ga langsung dikirim di hari h nya,0
kacamata nya potong aku nunggu soalnya butuh pas dateng potong yah sedih banget,0
bagus cuma nya agak rusak,0
agak kecewa saya order di toko ini udah barang yg dikirim banyak yg salah warna ada an barang nggk dikirim juga diminta pengembalian dana responn lamaa agak sulittt mana barang udah dijual disuruh kirim ke seler lagi di mintai dana lagi ditolahh haduh kecewa bangetttt,0
toko penipu order yg datang cuma kemaren juga order dtg cuma ngk sadar order di toko yg sma kalau tau toko sama ngk bakal order di sini lagi gk mau gnti krna gk ad video unboxingtoko taikkkkkk,0
sis sis tercintaa jangann order kacamata di toko ini yahh pengalaman deh saya ordernya pcs di kirim hanya pcs dong nipuu dong si ownernya saya udah ajukan pengembalian dana tapii sihh ownernya bnyak alasan dong cukup aku yang jadi korban jangan kalian owner nipu,0
barangnya mendarat dgn selamat sentosa tanpa ada yg cacat pengemasan nya rapiii bgtt jd gk takut pecah berang lengkap dan bagusss bgtt,1
pesen kc mt hitam korset dan kc mt anti radiasi kc mt anti radiasinya dikrm cm kecewa bgt komplen jg gk bs krn gk vid unboxing chat seller jg ribetin klo udh bgini brati ini toko gk amanah kapok dh blanja d sini,0
seneng si belanja disini lengkap barang yang dateng terus datengnya cepet banget barang nya worth it banget sih dengan harga ga begitu mahal tapi punya kualitas ga kecewa pokonya beli disini thank you,1
mantull udah berkali kali langganan di sini dan barangnya tidak mengecewakan,1
udah lama nyari nyari kacamata keyen kyagini dan harga pun murce banget,1
mna salah kirim deh saya minta yang polos dikasih yg titik putih dua,0
baaaaaguuuuussss bangeeet muraah nggak kecewa pokok ny order di sini,1
alhamdulillah brng nya udah dtng cepet bgt dtngnya cuman rada kecewa karna yg dipesen model apa yg dtngnya model apa but its okay mungkin kakanya udah bingung karna bnyk pesanan jg makasih karna udah dikirim,0
akhirnya setelah lama nyari diollshop kacamata kaya gini dapet yg sesui dengan ekspektasi dan harganya juga murah tpi kualitas nya ngga murahanmaksih kakk huhuu seneng banget,1
barang cacat yang dikirim,0
untung beli yang cacat mental,0
pengiriman lama mungkin karena flas sale kaca nya ada noda sedikit ga bisa hilang,0
padahal udh ingatin untuk cek unit biar gak kyak toko sebelahternyata sama ajabukan masalah harga tapi kepuasan pelanggan yg di utamakan mau refund barang murah kalah sama ongkir nyayaudah smoga kedepannya lebih pentingin kepuasan pelanggan biar gak kecewa lagi,0
barang sesuai pesanan pengiriman agak telat agak aneh pas tali nya ko copot ya gak paten,0
baguss tapi ada yg rusak mohon untuk segera di return kak sampe skrg jam nya belom saya pakai,0
syg banget yg maroon tombolnya patah ga tau patahannya kmna yaudah lah gpp harusnya bintang tpi krna cacat aja yaa,0
dan yang ini juga yg warna navy dikirim yang udah lepas kayak gini gabisa dijual lagi dong jadinya klo dikirim yg rusak kecewa serius,0
tokonya bener gak amanahjam yang dikirim satu padahal gw pesen mana gadak ngasi kabar duluubuat kalian yg mau mesen mikir dulu deh sebelum kecewaaa mana pengiriman lama,0
saya kecewa toko ini tidak amanah saya pesan yg di kirim cuma bulan puasa malah ambil hak org jam tgn saya hitam dan abu kamana dan kacamata saya hitam pasang kmn produk saya pasang kmn knp nggk d kirim saya mnta kembalian nya,0
bagus si min cuman agak kecewa baru datang hari kemudian tombol nya patah mau saya balikan tp saya males nunggu nya jadi ydh terpaksa mau g mau harus makek hehe gapapa buat pengalaman aja si ini jugak saya co gbt aja kok mkntoppp dapet harga k an dah dapet jam kek ginithxx sesuai harga si,0
bagus semua barang dikirim lengkap sesuai pesanan cuman jam lednya aja msih bingung cara stel nya tpi tokonya djamin amanah kok,1
wapikk poll ga nyesel deh beli hargae ya ga murahan ws ndg tumbas bergaya ga perlu yg mehongg ya bestii,1
barang lengkap pengemasan lama tapi ada beberapa jam yang pecah mati untuk sellernya mau tanggung jawab packingnya cuman lapis buble wrap aja padahal saya order an pcs tolong diperbaiki lagiii,0
bagus sihhh cuma yg putih warnanya bukett bgt kek udah kotor,0
barang datang dengan kondisi cacat untuk aplikasi shope dalam penilaian sekarang dapat koin cuma padahal dulu makin hari makin buruk aja,0
yah kecewa bgt ya mungkin klo murah jelek gpp tpi datang rusak,0
bagusss bgttt sesuaii ekspektasi pengirimannya agakk lama mungkin karnaaa tapiii gpp dengann hargaa segituuuu bagusss bgttt gaa boongg nyesell cumaa blui satuu doanggg,1
jamnya udh copot lain kali tolong d cek dulu yaa yg hijau juga copot tp untung masih bisa d pasang gini saya yg rugi,0
kecewa sih jam nya banyak yang mati tas juga dikirim yang bolong padahal pesanan orang semua udh belain ongkir mahal,0
bagusss bangggeetttt harga juga murahh cuma harus di setting dulu tapi okeeee bangett,1
agak sedih si warna jam nya keorange an gitu padahal pesenan aku yg pertama bagus aja putih gitu gak gatau sekarang warna orange gitu agak sedih si,0
sebenernya jam nya cantik apalagi warnanya cuma ya baru dipake sekali udah copot yg itemnya buat pasang kelubangnya,0
tidak recommended di toko ini padahal sudah langganan kecewaaaaaa baaangeettt,0
bagus bgtcocok buat anak saya pengiriman agak lama tp gag masalahcuma pesanan saya ada yg kurang kok bs sih gag di cek dgn teliti,0
kecewa karna banyak barang yg rusak yg dikirim auto aku jdi kapok dong ordernya secara barangnya utk aku jual lagi bukan nya untung malah buntung,0
pesen yg idup cuma barang rusak kecewa parahkurir nya jga kurang ramah barang gk di ater sampai ke tempat tujuan,0
awal percaya banget sama toko inieh kali saya anggap toko ini ga amanahsaya pesan pcsdatang cuma pcsberapa kerugian sayarb lebihjd rugi jualan akucoba liat deh bungkus aj kurang lebih sebesar hp mana bisa barang pcs dibungkus disituga bakalan lagi belanja dsini,0
barang yg ditunggu ternyata tidak bagus baru mau dibuka kemasannya ehh udh copot aja bagian menyetel jam na kecewa padahal buat kado sangat ditunggu datangnya malah buat kecewa n zonk,0
saya sudah kirim vidio nya dan ga dj kembalikan uang saya saran jangan beli di sini selalu kurang dan ga ada tanggung jawab nya,0
pengiriman lama mungkin krna shope pengemasan super jelek bgttt untung brg g rusak tolong diperbaiki ya boss ada jam yang ga ada plastiknya itupun warna putih smua terus ku ganti biar yang putih ga kotor,1
sangat kecewabaru saja cek out beberapa menit chat maw ganti warna katanya gak bisapilih maron yg datang merahpokokke kecewa banget,0
yaa sesuai hrga brg sering dikirim g lengkap ajukan pngembalian dana ditolak kecewa bgt pdhl sering order dsni,0
jam nya jelek bgttangkai nya gak lurus dan kotor jam nyadan di di chat gak di respon,0
bagus ala ala jam mahal murah tapi ngga murahan terimakasih,1
gmna sih jam tngn ini ga bisa di atur lgi hmmm gmana ya jdi bingung,0
sama ini juga di foto pakai logo kok datangnya gak pakai logo sama aja nipu pembeli,0
jamnya gaada cantelannya huhu sedih bgt padahal bagus tapi jadi gabisa dipake,0
pengiriman lama barang yg nyampe ada yg cacat gqk bisa kpke,0
barang yg d terima cacat tdk bsa menyala dan ada tombol yg patahsya kecewa,0
agak kecewa sih krn ada lecet di pinggir jamnya,0
knp malah d kirimin jm rusak si kecewa ga lg deh beli barang d toko ini barang ga bisa kepake uang hlng jd nya klo bisa d ganti rugi,0
brang yg sy pesan dn yg sampai cuma,0
jam tangannya cute cantip bangethanya saja kacamatanya keras banget bagian framenyajadi susah kacamatanya kalau di tekuk ngeri banget patahmaaf ya min aku harus review jujursemoga next diperhatikan lagi barangnya ya makasi,0
udah pernah bli di sini sebelumnya tapi kali ini agak kecewa karna yg satunya sobek,0
kurang item cuma ordernya navy cuma ordernya,0
kecewa pdhl udh langganan giliran saya gk buat video unboxing lagi eh tau nya jam nya kurang dikirim yg pdhl kmrin wktu saya pesan klau barang yg gk ada dikabarin dlu langsung krm ni langsung krm sakit,0
alhamdulillah barang sudah sampai ada barang yang cacat jam tangan hilang tombolnya untung masih bisa di tekan tombol yang di dalam walau sedikit susah lain kali lebih teliti yah kak,0
bagus banget cuma aku agak susah buat masangin jam nya overall bagusss dgn harga semurah inii makasihh,1
bangus bangetttt udah berapa kali mesen ditoko ini dan alhamdulillah ga pernah dikecewain respon penjual juga baik seneng deh belanja ditoko ini pertahanin ya kak jangan dibikin kecewa hehe minusnya ada dipengiriman yang lama banget tapi bukan salah tokonya,1
jamnya bagus tapi ada beberapa yang cacatpengemasan juga agak lama,0
kecewa masa bandolannya lepas gak bsa lagi benerin,0
kecewa bgt sm seller nya g amanah pesanan sy g dikirim semua kurang pesanan g dikirim sy anjurkan klo beli disini saat pengemasannya dibuka sambil video ya,0
tombol jamnya patah untuk harga segitu dibanding toko lain sih buruk yaa,0
kualitas peroduk sangat tidak sy sukai sy beli yang sama tadangya sangat kecewa tapi yang hitam sy pesan warna pink hitam datang ya lg yang pink itu ya copot haduhh,0
lumayan lah buat ukuran harga segitu mahtapi ya ga tau awet apa gasusah banget mau ngatur jam nya,0
hati yg beli byk saya beli di kirim harusnya beli byk pelayanannya bagus karna bakal repeat order saya ada vidio unboxing tapi chat gak di balas padahal online ni orang sengaja kirim terus gk tanggung jawab mending cari seller lain ya jgn beli di sini sellernya gk amanah,0
pengiriman sangat buruk orderr banyak hanya dibungkus dengan bubble wrap lapis aja padahal brli jam dan boxnga yg rawan pecah tp gada packing khusus sama sekali udh beli x dikecewain terus walopun dananya di redund tp dana box nya ga garansi pdhl kesalahan pengiriman dari pihak toko,0
kecewa sih rusak hhshzbxjxncchxhxbxhcjjcjcjjcjcjjcjcjcjcj,0
jam nya jelek keras sesuai lah dengan harganya cumacrb beli mubazir aja ga bisa dipake penyaitnya lepas longgar terus kapok sih beli yg murahan kualitasnya juga murahan sesuai dgn duitnya,0
kecewa klo yg ini tombolx rusak jd gak bisa dipake untuk atur waktunya,0
bagus cuman susah di atur jam nya susah di tekan tekan,0
sebel bngt padahal pesen jam tangan yg dateng malah setela sama jam anak anak gajelas bngtt,0
mati jam nya temen aku marah sama aku anjritt gr jam doang ini gimana ga tnggung jawab ka baru beli tp udah mati ya allah ko ga amnaah,0
kan aku beli tapi pencetan nya yang satu lepaspadahal cuma kesenggoltapi gpp lahsesuai sama harganya,0
sudah dua kali beli disini selalu kecewa kemaren ni salah warna sekarang rusak murah boleh tapi jgn yg rusak,0
beli item yg datengnya cuman kita komplain tpi hrus ada video unboxing aja y siapa yg tau mau kecewa gini,0
ga rekomendasi banget sih belanja disni giliran komplain bener slow masak saya pesen jt ga di bublle wrap pdhl bublle wrap murah ga seberapa hasilnya persen nya pecah hancur bener ga mikir sih kalau kata aku kecewa bgt giliran di minta tanggung jawab gada garansi untuk kotak tp ga mikir,0
jangan order disni krn kalau udh komplain slow respon order banyak jga bikin kecewa banyak hancur rusak b,0
bagus tapi strapnya kok beda ya warna item sama merah model jamnya juga beda padahal belinya barengan dan diwaktu yg sama,0
ga ush beli barang disini orngnya ga amanah ga bertanggung jawab saya beli dua yg dikirim cuma satu di cht ga dibles padahal aktif sumpah kecewa banget semoga berkah yg kau mkan dari hasil nipu,0
pesan warna putih kok malah dtng nya warna putih butek gini ini sih bukan putih tapi mah cream sedikit kecewa,0
untuk pengaturan jam tangan bundernya hilang ga susuai sama fotonya jadi kallo mau atur mitesnya susaah tolong diteliti lagii,0
di kirim nya lama banget terus udah smpei brng nya rusak pula kecewa banget si,0
kcewa sih padahal pesan buah tapi yg smpe hanya di resi juga tertulis jelas kalo tiap itemnya sy pesan,0
kecewa sangat pesan barang tatang cma pokoxa kecewa bangetmudahan berkat buat saya,0
kecewa warna nya yg dikirim ga sesuai sama yang aku pesan gak amanah banget kalo ga ada warna yg aku mau bilang jgn asal kirim ganti jadi warna yg lain,0
saya pesan bnyk jam dikirim malah sedikit kurang jam penjual gak tanggung jawab padahal barang jualan,0
harusnya hitam yang dikirim ini navy tolong lebih teliti bikin kecewa,0
seller nya susah bgt ngerepson pesanan kurang tapi gada tanggung jawabnya sedangkan video unboxing kumplit diajukan pengembalian ditolak,0
barangnya kurang rugi k mana barang pesanan pelanggan katanya harus ada video unboxing di ket dus nggak ada di suruh bikin video unboxing seharusnya kalau barang kosong kasih tau dong,0
jam nya kecepetan anti gores nya miring dan pengemasan nya perbaiki lagi masa jam doang plastik nya gede banget harusnya disesuaikan dengan barangnya pengemasannya lama bangettt sebelum dikirim untuk kualitas barang lumayan dengan harga enak dipake karetnya lentur,0
saya beli yang datang cuma saya komlen tokonya gak mau ganti rugi julan tu yang jujur bos,0
barang zonk pesan warna hitam dua dua yg datang biru dan merah pengiriman juga lama chat aja gak di respon penjual jangan beli di toko ini kalau gak mau nyesal toko yang lain ada kok barang yang sama dan seller nya ramah,0
beli rusak alasan tidak tau kalau batrai habis,0
yg d pesan ap yg smpai apa agak kecewa si,0
sy pesan pcs tapi yg datang hanya pcs sja,0
kecewaaaa banget kok datengnya yang lain sih,0
rusak guys kecewa,0
toko penipu barang bnyak yg gak dkirim,0
barangnya jelek lecetgak sesuai sm yg di foto,0
jelek bangetttttpadahal di gambar mh baguss,0
tempat setingnya masa diksh yg putus entah apa,0
kecewa,0
pesan hanya di krim pdhal udah bayarkcewa,0
kecewa banget beli satu cacat ini gimana,0
tombol nya ada yang patah hadeuh jadi rugi pcs jam nya laaa,0
packingan memang agak buruk,0
buruk banget,0
bgsss bgtttrekomen deh buat kalian yg mau pergi pergisekolah pokonya bgs bgtt hihimksi kakka,1
jelek kek harga rb annnn tali miring tombol copot gak sempet vidioin yg asli soalnya gak tau klo barang gak sesuai ekspektasii hmmmmmmmmmmmmmmmmmmmm,0
jangan pernah beli disini kalo kalian gak mau nyesal saya order jam malah dikirim jam mati toko sangat² tidak amanah baru kali ini saya belanja di shoppe kecewa karna dikirim barang rusak,0
sumpah jam ny bgus bgt ada lampu² angka nya wrna wrni sbnernya agak susah si ngntur jam ny tpi alhamdullilah bisa kok terimakasih,1
jelek banget mana lg butuh banget jam tangan eh malah dateng kek gitu udh jam nya jelak,0
jelekkkkkk barang ada tiga yg gaada udh diwanti wanti jgn smpe ada yg kurng kalopun barangnya gaada uangnya masukin paket knp ribet kalo ajukan dana merasa paling rugi padahal situ pemeran utama kalo buat dijual lagi jgn disini gacocok,0
kecewa bnget sihhjam nya mati trus beli gelang couple malah di krim kalung yg rban,0
tombolbuat ngaturnya lepas gabisa diatur pula kecewa,0
hati belanja ditoko ini udh kali mereka nipu saya mwreka kirim barang gak lengkap dan mereka kirim barang yg cacat di suruh refund mereka gak pernah ngaku salah jdi klo bisa jangan belanja di toko inj ya,0
saya mohon sama pelanggan lain kalau mau belanja di toko ini mikir dulu soal nya saya mesan jam ini pcs jam tangan dan tidak dikirim sama sekali padahal jam tangan itu untuk customer saya dan bukan nya saya untung malah rugi besar saya toko ini sama saja dengan menipu,0
packing buruk pengiriman lambat kuncian tali nya gk bisa nempel,0
beli kedua x bukan nya tambah bagus malah sengaja di kirim barang rusak beli cuma yng bener nya yng satu bekas di ganti batre ada bekas lem korea nya yng satu lagi abis batre nya ngga amanah jadi orang males beli di sini lagi,0
harusnya dikasih babel wrab dikit biar gk kegores layarnya,0
sdah kali di kirim in jam mati padahal pesananya org terpaksa deh enggak di jual dan rugi,0
beli pcs rusak pcs mana yg retak itu yg harganya lumayan auto gk diambil sama custtolong packingannya yg tebal dikit biar meminimalisir kerusakkan saat pengirimn kalo merasa rugi naikknn ke etalase shopee bubble sma packingn kardus biar bisa dibeli kan sama enak gk ada yg dirugikan,0
gak tau kenapa tiap order gak pernah betul salah aja warna gak sesui di kirim gak jelas pdhl di jual lagi itu apa gak mikir ya kita juga sama cari uang tapi seenaknya aja dosa mu lebih berat kau tanggung di akhirat nanti hati bosku kalau jualan yang amanah,0
tolong di pikir pikir lagi klo beli di toko ini barang yg dikirim sering rusak n duit g balik jd buat kalian yg mau d jual lagi dr pada rugi mending beli d toko lain aja penipu toko ini,0
kecewa sama toko ini slaluuu barang kurang dikirimngak teliti wktu ngirim paket,0
penjual ga teliti barang ga dikirim pengajuan dana dipersulit dana hangus gitu aja,0
gila pesan berapa di kirim berapa ngajuin pembatalan eh malah di tolak bukannya apa saking percaya sama toko ini makanya g pernah bikin video unboxing tau gini mending ke toko sebelah,0
kak kenapa jam nya aneh baget jam di hp tetapi kalo di jam sumpah aneh anti air lagi,0
susah bgt nyettingnya yallah musti nyari di youtube dan tombol jam buat gesernya agak susah wajar aja sih rb jangan berekspektasi tinggi,0
barang lengkap tapi ada yg rusak mana tidak sempat video inboxsing,0
gatau kualitasnya pesen barang rb cuma dikirim total rb minta pengembalun rb ga dikasih hati hati yang mau beli disini ownernya ga amanah dan gamau ngecek stock pada tanggal itu,0
kwalitas dari seseorang mencerminkan kwalitas dimana dia bekerja kecewa sama pelayanan nya sudah nunggu lama kembalian dari uang cod pun kurang tanpa basa basi,0
barang yg dikirim kurangpesan jam tangan yg dtg cuma,0
pesan pcs yg wrna navy bgus brfungsi yg satunta wrna putih rusak,0
saya sangat kecewa dengan toko ini saya sudah sering langganan tapi kali ini headset saya pesan tdk dtg,0
makasih min sudah sampai paket nya cuma keluhan d bawah matahari ga jelas jam nya dan ada bercak bercak di dalem kacanya selebihnya mulus makasih,0
ngak ada pesanan ini dan kacamata dlm paket dan yg lain pesanan saya ngak sesuai gambar pesan apa yg dtg apa kecewa buat rugi customer ini namanya,0
parah ini tokosaya order jm tangan yang dtang cuma trus warnanya ngga sesuai lagii nyesel dah beli disini pertama udah traumabuang uang,0
ini allshop penipu pesan pcs brg yg di kasih pcs giliran di tanya banyak cincong buat semua org yg mau belanja disini gak usah belanja apalagi sistem transfer sangat mengecewakan dan buruk,0
sedih ga sesuai ekspetasi jamnya kyk barang lama terus tombolnya juga susah ditekan,0
penipu pesan nya yang datangnya tidak amanah,0
sangat kecewa dengan pelayanan dan tanggung jawab nya dengan pelanggang,0
kecewa banget,0
samping jam nya pecahbarang nya cantik kok,0
produk bgus tp syg yg maroon taliy rusak,0
jamnya rusak,0
karnaa jamnya susah bgtt di pencet,0
pengiriman lama slow resp juga tokony,0
jelek jam nya gk sesuai expetasi,0
toko jelek gaisss ga amanahhh jangan beli disini apalagi buat yg dijual lagi gacocok sumpah bikin rugi adminnya dongo gabisa baca kamu yg salah tapi seolah customer yg salah yg buat dijual lagi jangan beli disini bikin rugiii ditoko lain aja bukan sekali dua kali toko tai,0
pengiriman lama barang rusak,0
lama bgt pengirimannya,0
pengaturanya patah jd susah mw ngatur jam nya,0
rusak yh,0
jam nya sempat eror,0
ada barang yang rusak,0
jam nya kurang terus rusak rusak yg dikirim,0
tali nya agak kaku tapi nyalah semua,0
astaga kecewa banget tombol nya lepas,0
pengiriman jam nya salah,0
pengiriman sangat lama,0
respon seller lelet barang yg di kirim kurang,0
toko gak rekomen jam mati kok dikirim,0
carang cacat,0
kecewa kecewaaaaaa,0
pesan semuanya rusak,0
saya kecewa kenapa jamnya di kirim warna orange,0
tas nya bagus ngak rugi beli disini next aku order lagi ah,1
bagusss bgtttt sumpah dengan harga segini dapat kualitas sebagus ini gak nyangka udah langganan juga sih beli tas di sini emang kualitas nya itu gak malah sama yg mahal kalau ada yg murah dan kualitas oke kenapa pilih yg mahal,1
cantik cantik cantik x order x tidak mengecewakan thankque recomen pokoknya toko ini,1
bahan bagus cuma dikit yg cela,0
tas ny oke bgt geezs awal nya sich ragu eee ternyata barang nya datang syukak bgt,1
tasnya bagus tebel talinya juga tebel ga mengecewakan harga boleh murah tp egak murahan donkk ke kalinya order di tasready ga kecewa sama sekali seller amanah syuka syuka jangan ragu belanja tas ditoko ini gess thankyou seller,1
alhamdulilah ditrima dgn kondisi bgs tdk ada yg cacat lengkap smga slalu amanah dan slalu meningjatkan kualitas layanan trimakasih,1
paket sudah sampai baguss bltidak ada yang cacatthanks seller,1
udah langganan sama tokonyadan ngga pernah mengecewakan produknyaso produk yg lain juga ngga kalah keceeee badaiii deh,1
ke kali beli tas disini dan tdk pernah mengecewakan harganya boleh murah tapi kualitas gak murahan,1
tas nya real pict syukaaa cuman bete aja ama kurir nya paket di inepin hari jdi lama baru keterima hari ini aturan hari yg lalu,0
bagus banget tas nyakayak tas mahalnext mau order lagi,1
gk usah ragu blnja d sinirealpik semua barang ny,1
nice pokonamah mantaaaafffff hehehhee suka cuma ada cacat dikit padahal ini pesenan orang,0
pesen brownyg dkirim bluecape dechklo blue mahdtoko sebelah geh lbh murcemaap jd kecewajd hnya bintang,0
kirain besar n talinya panjangtp trnyta kecil n gk terlalu panjang,0
tas ny udah mendarat dngn slmat tp pas d tali nya ky udah lama udah karatan,0
kaitannya rusak mau d kembalikan waktu mepet apa adanya aj d,0
waaahhh baguzzz tasnyaaa pkoknya seng deh bahannya jg g kalah sama yg di mall hehehe,1
cantiiiiik bnget gak sempat ftoin keburu di ambil pelanggan,1
sukaaaacepet banget pengiriman nya padahal baru kemarin sore dah nyampe lagi,1
tas nya bagussss apalagi tali tasnya tebel jd berkesan mewah ga murahan,1
mantulll pokoknya gausah ragu beli di toko ini,1
tali kurang panjangpendek bgt trnyata,0
pengiriman sangat lama,0
kecewa order yg brown dikirim biru,0
recomended lah toko ini pokonya ya jgn ragu bnget sih buat langganan,1
pokonya mantul gk kecewa belanja d toko ini,1
gila parahhharga murah kualitas top markotoppp,1
sumpah baru kali ini kecewa sama toko ini baru juga kmrin aku psen ponakan aku jga pgn aku beliin lah ga taunya rantenya full lem mending kalo lemnya putih ini mah kuning aga kecewa sama toko nya padahal udh langganan dan tiap pesan selalu baguss kali ini aja yg bikin kecewa,0
bagus juga tpi ada cacat goresan retak di tutup nya dan itu kelihatan mungkin krna pengiriman ga pake bubblewrap,0
mantappppppppp gak pernah kecewa pokonya rekomendasi pokonya mantulll,1
pengirimannya cpt tasnya bagus real picture bahannya jg bgs kayak tas mahal,1
udah langganan dan gapernah gagal secinta ituuu,1
baguuuuusss bgt woy sumph ini murh bgttttt gw nemu ini prsis gini d jual ribu ini hanya kualitasnyaa melebihi ekpektasi,1
mantappp banget pengemasan cuma kurang dikasih bubblewrap tolong dong kualitas pengemasan di tingkatkan lagi khawatir ke gencet soalnya kaya rada gepeng,1
kualitasnya emang nggk pernah ngecewain harga murah tapi kualitas nggk murahan thanks seller,1
the bestt emg ga prna kecewa beli di sini,1
bgus bgt kek keliatan mahal wkkk pdhal cman rb good lah suka bgt pengiriman nya juga cpet bgt kmrin di kirim tdi dzuhur udh sampe,1
logo nya kecil padahal di fotonya agak besar gtu cuman oke lah bahan ny oke pengiriman nya juga oke bahan ny tebal,0
harga dibawah rb dapet tas sebaguss ini baru pertama order gk kecewa wahib order lgi,1
asli sih ini cantik bangt tasnya suka sekali mau nambah lagi bingung yang mana,1
baguuuus ga pernah kecewa belanja tas disini gatau ini tas yang keberapa kali hehe,1
alhaldulillah ngga ada yg cacat dan ngga ada yg kurang makasih ya,1
gilaaaaaa bagusssssssss bangettttttt sukaaaaaaaaaa realpict bahanya aluss ga kaku lagii dengan harga segitu kaya harga ratusan ribuu,1
tasnya oke oke semuaaaa sampe pusing sendiri milihnya cakeeeppp,1
sukaaaaaaaaaaaa sesuka itu sama tasnya gak pernah mengecewakan uwaaaaahhhhh,1
gak usahh ragu lagii beli tas disini kualitasnya buagussssss bangettttttt harga terjangkuuuu pokoknyaa the bestttttttttttt,1
sukaaaaaaaaaaa tdk pernah kecewa beli ditoko ini tasnya bsgu,1
gercep banget pengiriman nya cuma hri sampai kualitas no kaleng,1
tali pendek nya satu ngak ada pengait mana ini pesanan customer lagi,0
sampe lupa ini check out ke berapa produk nggak pernah mengecewakan selalu dapet harga promo makasih kak,1
sangat sangat kecewa barang dikirim tidak lengkapshopee memihak ke penjual padahal uda banyak bukti dari unboxing sampai fotopokoknya rugiiiiiwalaupun diganti tapi tetap rugi dari voucher sampai kena potongan shopeepadahal ini toko uda reseller loh lain kali teliti lg saat pengemasan,0
pesan model apayang datang model apa br mau jd langganan sudah dikecewakan,0
awalnya sempet ragu tpi pas datang barangnya nggk mengecewakanbahan rebel pengiriman cptdi jamin nggk nyesel blanja di toko ini,1
biasanya selalu puas tp kesini makin kecewa terakhir tasnya bernoda skrg kaya gini mana ini pesenan customer aku lagi,0
ini sih tas bukan sekedar murahan tapi kualitas nya lumayan tebal dan harganya nggak bikin jebol kantong deh,1
kualitas barangbarang baguuusss realpic jangan ragu yaaa order disini saya sdh langganan,1
udah berkali kali beli disini kualitas ttp oke dong pertahankan kak cuman ongkirnya yg agak mahal,1
bagus bgtt tasnyaa bahannya keliatan kl alusann padahal cuma rban yaalllah haruss bgtt langganan disini deh asli,1
bagussssssssss baaaaannnggggeeeeetttt sssuuuummmpaaahhhh parah bgt bagusnyaa,1
saya kira gambar cancelnya besar ternyata kecil soalnya di foto ada yg besar dan yang kecil jadi ragu,0
yang hitamnya sepertinya ketindihan atau kegencet gitu yaaa jadi agak penyok dan depannya ada garisnya bentuknya udah gabisa balik kaya semua lagi huhu sedih tapi gol deh,0
kualitas produk bagus sih tapi saya sedikit kecewa dengan produk ini di gambar terdapat tali tapi aslinya hanya tali saja,0
baguss bgt pesen pas lagi sale ga usah ragu buat kalian,1
tas nya lengket kak ngelupas ini barang pesanan auto pesan lagi di toko sebelah kecewa banget,0
tukang tipu toko ini penipu masa co bayar tas lain di kirimnya yg tas lain harga murahan lagi,0
semoga tidak ads cacat kmren pesan pengait sbelah nya hilang sebelah,0
penjualnya gak amanah pesan datang cuma responnya lambat,0
maaf ya aku ksh bintang pketnya bru nyampe mingguan pdahal pket ku biasanya plng lama hari aku pesan tas yg sama wrna hitam yg datang modelnya lain duanya dan duanya juga warnanya beda smpe sini brangnya penyok smua krna pengemasannya yg cuma plastik doang perbaiki dong pelayannya,0
barang real pict bagus tidak ada kata rugi beli ditoko ini,1
barang sangat baguss ga kecewa beli sekaligus,1
ga dikirim komplain payah,0
tasnya kotor kayak bekas pakai,0
bagussss no cacat,1
pembelian yg kedua kalinya dan tdk mengecewakan,1
gak mengecewakan pokoknya,1
gak nyesel beli di toko ini tasnya keliatannya kekar gak asal asalan lah dan pastinya lucuuuuuuuu banget warna dan modelnya,1
bagusss bangeettt sukakk gak pernah mengecewakan beli disini udah ke kalinya beli disini kemaren ada flash sale lngusng cuss belii,1
produk is the best bangetorderan kedua ku ini smoga tetp amanah yajgn ragu beli di toko inibarang nya bagus smua,1
bagus siii ka barangnya emang udh langganan siii belanja disini jadi ga ragu lagi,1
saya beli brg lainnya ok cm ini yg paling kecewa mana beli saat k lalu hr kmdn disale k tapi saya dpt brg cacat memang diberi spon tp begtu dibuka ternyata cacat kulitnya mengelupas entah tidak terjahit ato brg lama sebelumnya di pegangannya tdk kelihatan krn di beri plastik,0
terimakasih tasnya lumayan baguslah cuma bahan model tutupnya itu kayak bahan beludru takutnya klo kotor susah ilangnya,0
selalu langganan banget disini gapernah kecewa sama sekaliiii yaampun recomended bangetttttt,1
asli cantik pisaaandahlah kalian jangan ragu belanja disini,1
trmksh yaa paketnya sudah dtg cuman bludru x agak kotor sdkt tp gpp lh mgkn krna wrna putih kli yaa thnks,0
pertama kali di shopee beli tas dan super duper bikin mood booster bahannya juara untuk tas harga segitu ya ampun bener puassss modelnya ga pasaran ga norak bener bagusss mo nangissss banget pas ini tas dateng ga sangka bakalan sebagus ini pokoknya recommended mau langganan beli ga kecewa,1
baguuusssss beneran baguss tas nya gak tampak murahan beneran gud quality buat hang out atau segala acara cucok meonggg in shaa allah langganan d sini best seller dahhhh,1
tasnya bagus ga kecewa belanja di toko ini udah langganan,1
gak pernah kecewa pokok nya selalu bagussss pengiriman juga cepet banget cuma sehari wlopun kmren pas thun baru pesennya,1
tas ny bgus cma pngemasan n pngiriman ny agx lama gx pke bubble wrap yaa untung tas ny gx ad yg lecet,0
aaaa g pernah kecewa dehhh udah kali beli tas disini brgnya hari dah nyampeeeeee love bgtt,1
real pict next order lagi pengiriman cepet sekali cuma seharitapi lama di pengemasan karna lagi banjir orderan,1
dengan harga segitu menurut ku terlalu mahal krn nggak sesuai dgn bahannya gambar aja yg import tpi bahan lokal,0
packing nya lama harusnya planning bwt kado tmn perkiraan pas eh lwt hari h harga emang sesuai barang b aja,0
kemaren aslinya pingin biru tp kehabisanwrn khaki nya agak suram jd kurang enak dilihat model standarok lah hrg segini,0
langganan pokoknya gak mengecewakan ajiibbb murceee,1
orderan yg ksekiann kalinyaaaa selama order gak pernah mengecewakan sangat sangat puasssss thank you seller,1
sudah tidak diragukan lagi kualitas order tas di tasradybatam beberapa kolekti tas saya beli disini,1
pengemasannya sangat rapiii dan kualitassnya tidak mengecewakan pokoknya langganan terussssss,1
tadinya mau kasih bintang lima tapi gara ada cacat dibagian aksesoris nya udah mengelupas jadi bintang yaa makasiih suka siih cuma kecewa sama cacatnya itu lain kali tolong hati sebelum di pack,0
koq gada tali pendeknya yha mba aq kena komplenan customer aq ini padahal uda langganan disini,0
beli ini dah sering bngt emang baguus da laku banget di jualnya oke deh pokonya g pernah jelek,1
recomended bet dah ah toko nya gak usah ragu deh kalo mau order di toko ini,1
sudah langganan belanja tas disini dan ngga pernah kecewa sama barangnya super cantik semua tasnya,1
emang paling the best kalo masalah per tasan mah the best juga pengirimannya cuma seharu udh smpe makasssiihhhhhh,1
seperti biasa udah langganan banget tasnya sllu ga mengecewakan thx u seller,1
kondisi tas dalam tidak baikkecewa bgt karna ada bekas tinta dan packing an nya hanya berlapis plastik hitam sajadan tidak ada buble wrappadahal buat kado tapi gagal dehh karna kondisi tas yg tidak baik,0
gk sebaguss itu sihhh krna adaa cacat nyaaaaaaaaaaaaaaaaa,0
cantik udh order untuk kesekian kali nya n gk prnh kecewa,1
mewahhhhh kelihatan kayak tass mahal bahannya kokohh tapi gak kakuu gak pernah ngecewain toko ini tasnya bagus pilihan modelnya jugaa banyakkk,1
agak kecewa dompetnya ga bs msk pdhl lht di videonya dompet pjg plus dll muat,0
selalu cepat pengirimannya gak pernah kecewa beli di toko ini real pict dan cuantik harga miring lg makasih ya seller,1
kualitas tak perlu diragukan lagi kedua kalinya beli dsniii secinta itu sama produknya muluss,1
kece parah bagus bahannya juga gak murahan pokoknya gak pernah nyesel beli disini sukak,1
barang lama sampai dan perlakuan penjual yg tidak sangat lama blsdan saya tidak mendapatkan gantungan tas dibagian depansaat saya menchat pemilik dia selalu mencuekin sayachat susah di blsmohon ya kepada penujual agar punya rasa baik kepada pembeli,0
baguuusnya klewaaat benar gak mengecewakan thanks ya,1
tas nyaa cantikkk realpickkk ga kaya tas murahannnkeburu diambil ibu tas nyaa karna sukaaa jadi ga sempat foto deh,1
tas a bagus banegtcuma pengemasan dan pngiriman a lama banget,1
bgs bgt ngga kecewa deh pokoknya,1
tukang tipu toko ini penipu masa co bayar tas lain di kirimnya yg harga murah,0
tasnya realpict dan kembut banget sumpah gak mengecewakan lah pokoknya,1
kecewa sih pesennya beda malah dikirim sama tapi gapapalah dengan harga segitu,0
pesan kurang warna miloagak kecewa siii warna milo gak adaaaaa lain kali cek dulu sebelum barang dikirim,0
ko salah bahan ya yang warna coklat nya terus warna yang aku minta ga ada dikirim yang warna cadangan sedih,0
kecewa banget si memang silver ngga ada ya tolong konfirmasi jangan asal gitu dong,0
yeaaayyyyy akhirnya paketnya dtg juga makasih seller dtgnya lumayan lama yaa krn lg juga untuk warnanya bagus² sih tp entah knp aku kurang suka ya sama warnanya krn menurutku agak kurang aesthetic aja gitu warnanya but its okay bakalan ttp aku pake krn syg udh dibeli kan thank you kak,0
produk bgus pengemsan oke nggak ada yang cacatnex order lagi untuk abang kurir makasih,1
bagus barangnya kirain yg khaki muda bakal agak terang gitu kaya di foto ternyata pas dateng gelap kek nya salah kirim warna,1
sy saranin yg mau beli ditoko ini lbh baik jangan pengiriman lama produk tdk dikirim sesuai pesanan dgn alasan stock kosong maka yg dikirim random padahal stock kosong mana mungkin saya bisa co shopee jangan jadikan toko ini sbg no hijab terlaris bella square rugi tlg sy gbs nilai bintang,0
worth it parah sih harga murah tapi gak murahan gais,1
bekas lipatannya susah diilangin walaupun udah pakai setrika tapi gapapa lah,0
paketnya udh sampe lama pisan pengirimannya toko d chat chat ga ada balesan,0
gajelas ni penjual udah pengiriman nya lama pas dateng yg bagus cuma warna latte doang warna nya pas tebel yg lain tipis bgt apa lgi warna nude masa warna nya cream kuning ngejreng bgt kaya nenek gua make,0
sukah bangettbahan nya cantikdan warna superrrr gemeshhpuas belanja ditoko iniemng sih awal nya agak kecewa karna pengiriman nya lama,1
pengiriman cepat bahannya lumayan tipis potongannya juga gak sejajar dan agak terlalu pendek diaku,0
datang ny cpat kurir nya ramah ongkirnya mahal bahan tipis tdk simetris panjang sebelah meleyot² susah disetrika nerawang tdk ada merk logo lipatan garis susah dihilangkan tapi worth it buat harga segitu ya saya tau itu memang karakter dari bella square cuman saya agk kecewa aja dikit tapi gpapa,0
pengemasan super lama bgt mana warna aquamarine yg harusnya agak muda jdinya malah abu sma ntah warna dr tokonya emg ginisalah kirim gatau,0
warna ada yang salah dan jilbabnya nerawang pengiriman lama mungkin krn faktor ramadhan sale maaf aku kasi bintang kak,0
kecewa sih pesen jilbab bandana rajut tpi yg di kirim hanya jilbab nya saja kualitas jilbabnya lumayan lah dgn harga segitu,0
warna dusty pinknya agak beda dari foto kayak lebih gelap gitu but its okey,0
alhamdulillah barang sampe dengan aman bahannya bagus sih cuma salah kirim yg harusnya choco ini lebih ke charcoal gitu cuma gpp,0
kecewa sii pesen sma cepol tpi yang dateng kerudung nya doang,0
kykny ini ada yg salah deh soalnya ada yg ga sesuai ni aku pesen warna dark grey loh bukan dark jeans padahal pengen bgt warna dark grey ya gpp mungkin seller nya lagi banyak pesanan lain kali kalo emang gada warna lagi di chat ya min biarpun kita sebagai pembeli ga nyantumin warna cdangan,0
kain warna milonya berbeda dari warna lainnya ketika disetrika kusut,0
tadinya mau ngasih bintang tapi kasianagak kecewa sih saya mesen milo kok yg dateng warna nya agak ke arah bata tapi ga merah bataklo masalah bahan bgus ga bakalan nyesel mudah berdiricuman saran buat seller klo emng barang nya hbis di chat ajaa dari pada beda warna kan takutnya orng marah,0
jugjat susah di akalin cara pakai nyaaa karna bnr jauh beda nyaaa sedihhh lebih d perhatikan lagi ya untuk ukuran nya,0
warna diluar ekspetasi ini bukan dusty dehh kaya magenta gitu beda bgt sama yg di foto kalo warna dusty agak kalem nyesel beli disini kalo difoto warnanya beda karna cahaya pun pasti ga setua ini warna dusty nya kecewa bgt sihh,0
pas dateng plastik luarnya udah sobek ukuran tidak sama tapi gapapa oke kok,0
gasuka sama yg navy bahannya kusut alus gtu di gosok malah jadi makin kusut susah di bentuk klo yg charcoal gatau blm pernah di coba blm di gosok jg jd gatau bahannya gmna tp navy ini ngeselin susah bgt di atur bahannya jelek kusut halus gtu di gosok makin parah,0
bahan lumayan tipis pengiriman lama bgt mungkin karna mkasih,0
produk sudah sampai bahannya agak kasar baru prtama kali order langsung pcs,0
sumpah yahhhh pengiriman lama bgt tpi gpp lahhh jilbabnya bgus kok sesuai harga,0
warnanya manis bet sukak ah tapi nyampe nya lama banget kalian jangan lupa beli di sini ya,1
okeee bgttt sihhh brangnyaaa udah dua kali order nda pernah kecewa dong,1
bagussss dong harga ribuan sebagus itu ganyesel si tp nyesel cuma beli makasi yaaa,1
baguslah untuk harga segitu ga berekpetasi tinggi juga padahal tapi ekang sebagus itu kerudungnya next beli lagi deh,1
maaf kak saya mesan banyak tapi kok warnanya ga sesuai gambar ya dusty pink terang kali ga kek dusty yang paling parah wardah masa ynag dikasih warna hitam padahal saya udah bikin di note mohon di cek bla bla bla pengirimannya lama lagi bukan lama pengiriman tapi lama d packing jujur kecewa,0
aduh saya pesan anak tudung kok yang datang krudung semua pessanan orang tpi oke lh lain kali cek dulu ka,0
warna asli dan digambar memang wajar bgt beda tapi agak aneh aku pesan warna yg beda cuma yg datang warnanya sama persis di orderan sebelumnya juga gitu kalau emang warnanya kosong harusnya konfirmasi aja pdhl belinya dalam jumlah banyak,0
warnanya malah kaya ke navy yaa kukira bakal lehih ke abu ehmalah biru sebnaranya admin tau gaksih wran abu sma itu ke apa gpp lah udah terlanjur juga,0
bella square nya tipis banget terus pendek kalo menurutku pashmina yg coksu juga lebih pendek drpd yg stone untuk warna lumayanlah bisa buat ganti,0
satu salah warna minta nya abu tua knp jadi silver padahal mau di pake buat acara dresscode hijab warna abu tua,0
gemessss bgt warnanya gila sihhh sukaaa bgt pokoknyaaaaa,1
baguussss bangettt woiii sumpah ga nyesel beli disini nesxt order di sini lagi ah murce sekaliga salah si rangking,1
sumpah ini kecewa bgt udah ada warna yg salah kerudung nya telat pengiriman nya sampe minggu ini buat lebaran sampe gk jadi buat lebaran,0
oke ini kerudung lemes order warna tan sama navy malah datangnya navy sama hitam lain kali yang amanah yaa kakak,0
produk baguss murahh tp pengiriman agak lambat tp gpp deh sukaaa,1
pengiriman super lama bahan lumayan harga standar trims,0
setelah menunggu cukup lama akhirnya dateng juga agak kecewa sih sama jasa kirimnya jadi agak males belanja sekarang ini,0
warna beda jauh sm yg digmbr ini jatuh nya wrnanya gelap hmmm,0
pesannya warna hitam milocoughat tapi yang datang warna navymilo sama coughat cepol nya warna navy juga huuuh syedih padahal mau di pakai acara yang warna hitam tapi datang nya malah navy,0
bagus sih bahannya tapiiii jahitannya gak simetris woyy sedih banget udah gitu gaada merknya astagaaa pengiriman lama padahal pesen bareng sama sepatutas di toko yg berbeda tp sumpah ini nyampe aja seminggu lebihh gatau deh gak puas rasanya beli disini mana beli lagi,0
beli yang satu salah warna pesen hijau pupus dikirim army muda coba bandingkan dengan foto modelnya jauh bgt bedanya sebel bgt udah gitu bahanna lebih tipis dari bela square biasanya tapi bahan bukan masalah sih,0
kerudungnya katanya gampar di atur dan gak tekkuk pada hal susah di atur kok malah susah tegaknya mana lama pekingnya,0
kecewa bngt pesen warna apa yg dateng apaa ga pesen biru tua padahal yg ga ada malah abu sma yg ditunggu abu sma kok yaa terus warnanya ga pada sesuai sama yg difoto,0
kecewa bgt barangnya jelek jaitannya ga rapih bahannya panas kya saringan tahu,0
ada warna yang salah pesen nya warna tan sama mocca yang di kirim malah abu sama dusty,0
pesan warna khaki muda yg datang coklat tua di kasi warna kuning dua lagi konfirmasi dulu kek klw warna habis lupa atau linglung nih yg jual kecewa,0
entah ini orderan ke berapa kalinya disini gapernah nyesel pokonya dengan harga segitu kuwalitas maknyoooosssssss makasiiii yaaaa,1
kerudung nya tipis pengemasan aga lama gaada label tulisan bella squarnya kalo buat warna bener tidak ada yang salah dan gaada yang kurang barangnya,0
kecewa banget pesen warna apa yang dateng warna apa udah nungguin lama lama malah beda warna kasih bintang biar kebaca,0
pengirimannya lama sih menurut aku sampe aku chat karna gak dikirim,0
lama banget pengirimannya masa sampai seminggu pengiriman buruk kualitas sesuai dengan harga bahan tipis dan terawang ukuran kecil ternyata tapi termasuk worth it dengan harga segitu,0
jilbabnya lebih gelap dari yang ada di foto jadi beda dengan seragam,0
salah warna nya lagi butuh yg marron eh malah hitam terpaksa harus beli lagi di toko lain padahal udah lama bgt nunggu pengemasan nya warna abu nya pun tk ad malah warna biru,0
bagus cuma pengemasanan lama pake banget sampe hariii gila ajaaa lama bngt,0
bagusss poll jahitan nyaa rapii semuaa komplitt sayang agak lama ajaa tapiii beneran ga kecewa sama hasil yang ditunggu tunggu,1
beli warna hijau pupus charcoal silver tan sma smoke grey lumayan kecewa karena warna gak sesuai sma yg di gambar dan pengiriman lumayan lama,0
sangat di sayangkan aku pesen krudung sama bandana rajut tapi bandana rajutnya ga adatolong ya seller lebih di teliti lgimakasih buat mas kurirnya,0
harusnya kerudung ini mau dipake buat lebarantapi grgr overload jadi baru keterima skrg ah kecewa sih gajadi dipake pas lebaran,0
menurut aku ini sangat kecil dan terlalu tipis ternyata sangat susah untuk dibentuk diwajah,0
mesen kerudung bandana tapi bandannya gak dateng mau krim bukti tapi lupa di viidioin saat unboxing,0
pesen mocca tapi kok warna nya gini ya hmmm lain kali lebih teliti lagi ya,0
barang lama banget sampai nya mana salah satu nya ealah warna minta wardag di kasih ijo gimana yaa tapi ga apa lah makasih,0
harga murmer kualitas gak murahan warna nya cantik cantik bangetharga kantong pelajar banget,1
gapernah kecewa belanja ditoko ini pokonyaa the best banget,1
ada satu warna salah kecewa sih ga sesuai pesanan pesennya choco yg dikirim chorcoal jelas beda warna tapi penjual bilang ini warnanya sama tadinya ajuin pengembalian tp ga jadi aja gpp saya terima lain kali lebih teliti lagi ya padahal udh masuk produk terlaris nomor loh ini,0
kecewa bgt beli charcoal di kirim coklat udah chat seller ngga ada respon sama sekali,0
udh belanja yang kedua kalinya disini bener ga mengecewakan,1
barang sudah dibuka dan hasilnya tipis banget jilbab nya pengirimannya lama banhet hampir minggu,0
pengiriman gak pake lama pokoknya oke bgt deh harga murmer,1
kecewa banget pesennya tapi yang dateng cuma satu gak teliti banget sih mana kirinya lama,0
warna nya beda banget sama yang di foto di foto mah kek coklat gitu lah yang dateng ke pink muda gitu aelah nyesel w salah warna akhirnya sama baju,0
sudah order kali dan barangnya lumayan untuk harga segitu cmn pinggirannya itu rentan sekali kalau di cuci pke mesin cuci jadi mrudul wkwk,0
yang datang kok warnanya agak pink si pdhl kan aku pesan warna milo,0
baguss bangett nyesel cuma beli ajaa kualitass okee mantull,1
pertama order disini agak kecewakan sama pelayanannya doangpengiriman lamaa sdi chat gk di balas udah hari pas mau di batalkan pesanan ditolak sama penjual baru deh chat yang kemarin di balas dan langsung di kirim untuk bella bahannya tipis dan licin banget yang lainnya bagus,0
kesekian kalinya beli disini soalnya tidak meragukan lagi kualiatas nya emang bagus banget barang nya ngga nyesel beli disini,1
pesen warna putih yang sampe warna abu abu baru pertama beli aja udah kecewa banget,0
sampah,0
lumayan pengiriman rada telat,0
pengiriman agak terlambat,0
pakett nya sudah sampai bahanya baguss muat lagi disaya gak terlalu kebesaran,1
mantul bahannya leggingnya halus jangan ragu kalo mau beli disini makasih,1
hmm maap bintang soalnya ga realpict kaya difotoo bahkan sama testi yg lain juga beda sedih banget padahal udah expect tinggi gatau apa krn faktor belanja di event gitu,0
warna nya ga sesuai ekspektasipesennya warna dark blue yg dateng malah yg blue snowyaudahlah yamau direturn jg males ribet ga tau celana nya yg kecil atau akunya yg menggendutkok pasan banget yapadahal biasanya pke uk,0
rada kecewa sih soalnya warnanya ga item lebih ke biru dongker tp gelap bgt dua kali beli tp yg pertma suka beda sm yg inii,0
agak kecewa karna pesan ukuran yg satunya muat yg satu lagi sempit,0
kecewa bngt udah kali tapi tetep aja salah warnakalo di retur lagi ya rugi lagi ga teliti bgt yang packingnya padahal udah di chat diingetin kalo pesennya warna itemtapi tetep salahh,0
kecewa utk pesenan yg ke inidari segi warna sudah salahpesen yg darkblue datang yg snowblacksize jg salah minta size dqtang size tp size nya kecil,0
agak kecewa sih pesen nya warna hitam pas dateng nya malah snow black trs biasanya uk itu kegedean ini malah agak sempit di bagian perut pdhl bb lgi turun,0
lain di pesan tapi lain yang datang saya pesan celana jeans kulot tpi yang datang jeans yg bukan kulot kecewa banget sama toko nya tidak amanah klo barang nya habis bilang dong mbak,0
kecewa bangettttttt ga sesuai pesanan gimana iniii minnnnn tanggung jawab yaa,0
untuk bahan aku ga kecewa sih bahannya bner bagus dan real pict tapi sayangnya ristleting dan button hole nya bermasalah risletingnya susah dinaikkin dan button hole nya masih ketutup ya mon maap ini susah kan motong hole buat celana jeans lain kali mohon diliat detailnya ya masmba seller,0
sangat kecewa sya pesan ukuran m di dtengin xl,0
agak kecewa ternyata bahannya kasar itu kl sekali dicuci aja psti mruwul,0
sedikit kecewa karena pembelian pertama dan kedua berbeda warna dan merk,0
kecewa bahanya tipis,0
kecewapadahal aku udh minta ukuran xl tp ttp aja di kasih yg kecil,0
jahitan ny jelek masih ada benang yg belum di gungting saya kecewa,0
bahannya jelek amat tipis dan juga udah ada robek tolong dong yng jual lebih amanah,0
kecewa sih dari ukuran pesen xl tapi xl nya kecil udah kaya ukuran l,0
aku kecewa gmbar tdk sesuai aslix bahnx jelek bngat udah gtu pengiriman lama bngat mudahan cs aku suka si,0
kancing hanya kurang di bagian kiri saya masi harus jait lagi,0
maaf bintang respon penjual lambat pengiriman jg lambat jadinya kecewa,0
kecewa bgt si pdhl udah dicht dulu jangan smpe slah warna eh ttep aja salahpesen navy yg dtg pink utg pink nya nude jd masih oke dipakelain kali bagian qc yg bner diliat baik variasi jangan asal kirim disuruh pengembalian dana males ribet,0
aga kecewa ada noda sedikitpadahal sdh order yg k x ny,0
prosesnya lama bgt sampe hampir seminggu dr sabtu sampe jumat order sabtu baru dikirim selasa box nya ancur berantakan bgt ini box klo rusak di ekspedisi enggak sampe kayak giniini murni dr seller jg udah ancur ini seller china punya gudang di indo ya lambat gini,0
agak kecewa sih dengan celana nya yang inipas dibuka kotor bgt untung bisa bersih karena langsung saya cuci makasih,0
iiiiiiiihhh jelek bgt tipis ga sesuai sama gambar bana nya tipis bgt kaya kulit bawang menerawang juga pula kecewa bgt sama toko nya jual barang yang ngerugiin konsumen ga lagi deh beli di toko ini menang pekejing nya aja bagus tapi isi nya jelek kaya yang punya toko,0
modelnya jelek sih menurutku foto itu kulot dr toko ini foto punyaku jatuhnya ini bukan kulot karna agak ngepress badan dan ngeliatin bentuk badan lekukan di pinggul ku keliatan banget sedangkan foto ga keliatan terus lebar bawahnya kecil tinggi tp ngatung di aku ga rekomen,0
kecewa euy kirain all size itu ukurannya gedeee wkwkwkw ternyata m,0
jelek kalingk sesuai ftbahan tipismerawangkecil pula lagijdi keliatan kurusan,0
ini gk salah kirim kak bahannya tipis bat terawang lebih kek celana tidur yaa tsaayy kata nya all size tapi di gue kek kecil bat pinggang mon maap ini mah yaa,0
ga worth it untuk harga segitu terlalu kecil juga all size nya,0
celana harga rb berasa celana harga ribuu tipis nerawang kecil gantungg dan jelek pertama kali belanja di toko ini bener kecewa g sesuai ekspektasi tokoh tidak amanah,0
pokonya jelek barangnya dateng malah kecil bgt cukup di adik aku,0
sdh di batalkan tapi di tolak alhasil ndk ke pakai tuh celana,0
celana nya tipis dan di aku di tb pendek bangetttt jdi ngatung,0
bahan tipiskaret sih kencang cuma buat bb gak muat min,0
bahan tipis kecil pula mengecewakan sekali,0
kayak bukan kulot yaaaaagak kecewacuman gk papa deg,0
terlalu kecil untuk ukuran l dan celana tidak wide leg,0
ternyata kekecilan bahannya juga merayang agak kecewa sih sama barang nyabarang nya juga cuma di taro di depan rumah padahal di rumah banyak orang,0
kecewa celana y kecil buat ukuran bb ga muat,0
kepanjangan celananya pantatnya sesak aku beli ukuran m aku pendek dan gendut ternyata ueueueuue sedih banget aku harus beli ukuran apa biar ps euueueueue,0
sangatttt kecewa dg pengiriman pakai salah kirim lagikurirnya harus diberi tau tuhhsbdjdkwjehdbejwwjbdbqjajhdhdjsjwjjwjwjbd,0
kakini sengajasalah kirim apa gimana di label luar ukuran m tapi yg bner nya malah xl itu xl ukuran merk aslinya lho,0
kecil bgtttt untung cuma beli mana karetnya gak elastis huhu syg bgtttpdhl bb ku cuma kg tinggi jg cuma cm,0
warna sangat jauh berbeda tolong untuk kedepannya diperhatikan lagi padahal udah dikasih note,0
kecewa ukuran l tp kaya ukuran m kecil bgt bahannya tipis dan standar,0
karetnya ga terlalu melar ternyata jd rada susah masuktp jahitan rapibahan standart lah buat harga segitu,0
saya kecewa sama produknya pinggangnya dijahit ketat dan bukan karetgak bisa masuk ke pinggangpisatnya juga terlalu kebawah jadi kalau melangkah dikit aja robekkk,0
di aku sempit berat aku kg katanya pinggang nya karet tapi pas di liat apaan gx ngaret di coba susah sekali masuk nya,0
sedikit kecewa ternyata ukuran size l dan xl itu sama awalnya beli l ternyata kecil order lagi ukuran xl sama juga kecilentah salah d mananya bingung ngasih bintangnya juga klo kecepatan sampainya luar biasa aja ya maaf loh min,0
kecewa bangett dehh celana nya keeciill bangett padahal ambil ukuran xl di coba di temenku yg biasa pake m aja pas banget wah parah sih padahal mau dipake kerja,0
bahan jelek banget jaitan ga rapih ukuran kekecilan pdhl mesen nomor udh kaya nomor kecilnye parah kecewa bgt bru kali ini mesen di shope dapet barang jelek,0
gakk sesuai sama yg di pesan saya minta uk eh yg di krm malah uk kecewa banget baru kali in belanja online sangat kecewa,0
maaf sblumnya apakah salah kirim produk kok gini banget padahal mah buat kado pacar katanya realfick sepatu nya gak ada box nya cmn di plastikin trus renyok karena gk ada pengaman nya trus ada yg robek di bagian samping lain kali bicara sesuai pakta ya mbakpak kalau gini susah customer,0
pesannya cd hamil warna hitam dan bh sepasang warna hitam eh malah yg datang lain parah sih mana pengirimannya lama,0
pelayanan jelek parah padahal toko yg salah kirim barang tp malah nyalahin pembeli gak di cek dlu setelah minta video unboxing ga ada kabar bkin emosi aja br kali ini belanja di toko ga jelas dan ruwet,0
udah kali beli disini baru kali ini kecewa yg diminta warna hitam tapi datangnya cream kalau emang stock warna hitam habis tolong dihapus aja dipilihan menunya jd kita bs pilih warna lain seller terimakasih,0
x pembelian disini hanya sekali yg bener size dan warna nya order pertama kali salah warna size bener orderan kedua bener semua orderan ketiga warnanya bener sizenya kegedean,0
pilih abu yg dikirim pink kalo stoknya kosong besok info dulu yaa jangan asal kirim,0
pengirimannya sangat lama saya chat hari kemudian baru mau dipickup ga akan beli lagi disini kecewaaaa,0
yg dipesan pinggang karet yg dikirim lain pelayanan buruk lain kali kalau mau kirim pesanan liat dulu apa yg dipesan jgn asal kirim aja kalau mmg tdk ada yg di pesan konfirmasi biar konsumen tdk kecewa,0
saya pesan hitam polos kancing hitam kok yg dtg lain merek lain gak amanah toko ini klau gak ada stok bilang jngan di ganti brg lain,0
pengiriman nya lama karena toko nya lama ngasih barang ke kurir nyaa parahh sih tp kwalita baju nya ok sih,0
warna gak sesuai bukan lilac lebih keabu padahal warna pesen lilac buat kembaran warna sama keluarga pengemasan agak lama karena lebaran agak kecewa sedikit bahan okelah,0
it will be my first and last time order disini kemeja yang datang salah ukuran pesennya ukuran m eh yang datang malah l salah satu kemeja nya robek yang warna hitam dan ortu saya pun jaitin nambal lagi rugi bgt bgt untungnya kakek saya mau beli yg saya padahal saya mau refund,0
shoppe mall embel doang kualitas apaan kek baju pasar ususnya banyak blm di potong ada sobekan tambah lg ukuran m kayak ukuran xl kecewa dah pokoknya gak recomend buat yg lain packing nya jga lama bgt,0
mengecewakan sekali pesan dengan tamgan panjang tapi datang dengan tangan pendek,0
ini gimana sudah masalah pengiriman hampir minggu baru sampai saya pesan m malah dikirim l,0
salah kirim euy gue pesen kemeja batik yg mana elu kirim nya yg beda plis atuh euy fokus ai keur ngirim barang th nyaho jauh malikeun na deui jaba di sulawesi dda aing th meuli lain menta kecewa pisan ku pelayanan penjual tokonya,0
kurangsuka sama kainnya kasar sma nerawang bangett kiranya aku tuh kain katunx itu kek yg biasa aja taunya ini kayk katun rami gitu,0
kecewa berat barang bolong bekas rokok seller nya gmna ini yg beginian jangan d kirim dong jdi merusak citra seller nya kan,0
pesen apa yang dikirim ukuran apa kecewa pake banget chat adminnya x jam chat ga di respon sama sekali,0
kecepatan pengiriman sangat baikproduk sesuai dengan harganya ŧέƞģǩўμ,1
bahan nya adem dan super lembut banget ini mah bagus baget bahan nya adem dan super lembut banget ini mah bagus baget bahan nya adem dan super lembut banget ini mah bagus baget bahan nya adem dan super lembut banget ini mah bagus baget,1
alhamdulillah realpict bagus bgt bahana tebel halus memuaskan bgt pokoa tokoa amanah pisan tks all,1
cakep tannya bahannya oke harga dapat promo cakep pokoknyya dah,1
bagus bahan ny tebel ori warna nya juga cantik suka deh bakal langganan dsini,1
allahmdullilah akhrinya baju muslim koko sampai juga di rumah amanah banget sukses kurirnya sophie,1
bahan nya bagus dan adem dipake warna nya juga bagus pengiriman jg cepat,1
alhamdulillah udah sampe suka bahannya adem jstuh banget dibadan nurut buat dipasangin sama kulot atau rok cucok makasiiih,1
kainya bgus tipis sih tpi gk nerawang bnget bhnya adem gk pnas sukaaaaaaa bnget jaitanya rapi pengataran jgk cepat bgusssssss dah,1
kualitas prduk sangat baikkecepatan pengriman sangat baiksemoga memebrikan terbaik makasih kakak,1
barang bagus pengiriman cepatt makasiihh,1
next order lagi kakbahan cakep murah tp kulaitas oke banget lah,1
bahannya bagus dan surprisingly ga kepanjangan buat aku yg tb cm agak ketat dibagian panggul tapi masih nyaman dipakenya makasih seller cepet bgt sampenya hehe,1
barang nya ok banget bagus sesuai hargarespon nya cepat pengiriman nya juga cepat semoga dipakai ny awet terimakasih seller,1
barangnya realpict semua aman minusnya cuma di kacamatanya yg agak penyok yg photocromicnya gak berubah warna yg agak keemasan aman buat kacamatanya yg lain juga aman cuma minus diitu aja tapi semuanya gak ada cacat selain kacamata semoga bisa jadi langganan dan next time order lagi,1
dr beberapa item yg diterima ini paling ga sesuai ekspektasi si mmg ada harga ada rupa tp dibanding sama jam lain yg di order not worth to buy warna cenderung ke cream panel buat adjust patah gbsa di adjust atur ulang waktu meski jam nya nyala,0
suka banget kualitas bagus barang sesuai hanya kebesaran di pinggang kirain bakal sesuai karena kemarin no kekecilan ternyata kebesaran banget,1
alhamdulillah trimakasih kak din trimakasih admin admin trimakasih shopeee pokokx barangx mantullllllll,1
pngrmn cptbahan sesuai harga,1
bagus bangetttt pengemasan dan pengiriman cepet banget wort it sih dengan harga segitu itu di aku aga kebesaran dkit pdhal biasanya aku no untuk bb,1
bagus pengiriman cepat nyaman dipake dus penyok gapapa yg penting isinya masih bagus,1
bahannya lembut pol melebihi ekspektasi warnanya juga cantik banget sesuai gambar suka banget sama modelnya cuman sayang lengannya cuman cm jadi perlu pake manset dalemnya coba dong dibuat versi lengen panjangnya,1
bagus banget buseettt,1
udah order kali disini bajunya sesuai dengan pesanan pengemasan nya juga cepet puassss pokoknyaaaaaaaaa,1
terima kasih paketnya sudah nyampe dgn kemasan yg baik produk sesuai dengan gambar yang adasaya sangat menyukainya,1
alhamdulillah celanaya muat kirain bakal kekecilan baguss,1
bagus bgt celana nya harga murah kwalitas okee gk nyesel pkoknya order disini,1
barang bagus pengiriman lumayan cepet semoga selalu amanah,1
pengiriman cepett bgtt baju nya sesuai ekspetasi ga ngecewain pokonyaa next pgn order warna lain,1
aaaaaa nyaman bngttt sumpahhh nyesel cuman beli pengennya si beli tapi takut jelekkk ehhh malah bagus bangtt semoga awet ga cepet bolong si yaaa makasiiii selerrrr,1
bagus barang realpict aku syuka tokonya amanah terimakasih,1
keren,1
bagus banget kacamata nya kuat juga kokoh harga terjangkau,1
bagus banget worth it pas banget dikakiku nyaman dipakenya sukaaa,1
terima kasihsesuai pesann bagus intinya sesuai warnaya,1
alhamdulillah pengiriman nya cepet bgt semoga nyaman di pake,1
bagus dengan harga murah dapet kulot kekinianan bahannya juga agak tebal ga terlalu tipis pengiriman lumayan cepat,1
seller fast resp dan dapat diandalkan karena pesanan benarbenar dijaga privasinya produk sesuai dengan gambar dan keterangan puas bgt semoga bisa langganan disini thx seller sukses selalu,1
beli karena baca reviewnya yg pada bilang bahannya enak begitu ku terima ternyata bahannya biasa aja cenderung panas dan jatuhnya tidak seperti di foto apakah saya dapat barang yg salah hehe kasih bintang untuk pelayanannya yg cepat tapi bintang untuk bahan celananya,0
wowkeren sepatunya trm ksh shoppe dan kurirnya baik sekali,1
produk sudah datang dengan baik dan aman bahan enak tebal juga terima kasih,1
rekomended bagusss aku suka makasih admin,1
beli kedua kali nya karena bahan nya bagus banget dan enak banget d pake nyaaa,1
seneng banget akhirnya sampe dan kualitasnya bagus bangeeeet adem bahannya next time order lagi disini,1
barang sudah sampai selalu sebagus itu dong gapernah kecewaaaaa maa syaa allah terimakasih seller semoga lancar selalu usahanya aamiin,1
barang g mengecewakan puas bgt pengiriman juga cpet insyaallah langganan lagi dech maaf g ad ft asli yg asli udah di bawa yg punya,1
pengiriman cepat bahannya adem yang putih agak nerawang harus pake daleman thankyou seller,1
bagus bangettt,1
bagus bgt,1
produk berkualitas harga terjangkau pengemasan aman,1
bagus pake banget sesuai size juga tokonya amanah thankyou seller thankyou kurir,1
soalnya barangnya bagus aku klu order ngga pernah zonk,1
ahshshahhhsha bagus bgt pls sy kira tidk sbgus itu trnytaaaaa bgs bgt cugggg jfdghhaaaaaaaahhhhhhhh,1
bagus pas di kaki dapat gratis kaos kaki juga terima kasihhh,1
aaa bagus bgt size jg pas di kaki kuuu ku kira ga bakal sebagus ini ternyata bagus bgt btw thankyou kak,1
alhamdulillah paketnya sudah sampaibahannya tipis sesuai dengan harganya,1
paket sudah sampai dengan selamat dan rapih terimakasih seller,1
bagus bahan tas nya pengiriman juga cepat pokoknya puas deh,1
makasihbagus puas heheh makasihmaaf ga sesuai hfls i si to go di up up go di so do suhardi seep xx cyber crush v urus tuh yung,1
alhamdulillah barang sudah sampaipacking rapi pengiriman cepat harga murce sekali bahan tebal,1
pemesanan kedua pkkny langganan deh bagi yang suka pakai seamless cd ini rekomen bgt,1
alhamdulillah sukaa produk bagus bahan denim nya lembut gak ada serabut serabut nya cuma agak kepanjangan dikit tb aku bb nya,1
bagus bgt parah bukan maen worth it sih inima udah bagus banget,1
sesuai gambar bagus bnget rekomended untuk harga segitu mantsp,1
udah sampee baguss bangett bahannya adem jatuh gitu cmn agak dkit gantung di aku nii pdhl dh ambil ukuran l tapi puas la pas dengan harga sgitu,1
bagus banget sesuai dengan pilihan pengiriman cepat thank you kak,1
harga murah kualitasnya top markotop,1
jeans nya bagus sii tp di gambar kan bawahnya biasa ko pas dateng bawahnya sobek² begini sii,1
mantep barang sesuai pesanan pengemasan sm pengiriman cpt bgtsih mantul,1
pesanan mendarat dengan aman bahan lembut thanks seller,1
kualitas produk sangat baik dengan harga murah segitu pengirimannya juga cepat banget penjual fast respon next bakal order lagi sih,1
bahan produk sangat baikk suka sekli kak nnti next order lagi,1
bahannya lembut dan adem nyaman dipakai banyak varian warna pengirimannya cepet thanks seller,1
tidak ada kekurangan semoga muatnyaman selama masa kehamilan pengemasan sedikit lamamungkin krn sangat teliti dicek berulang biar pelanggan puas terimakasih,1
bagus,1
barang sdh mendarat kualitas bagus pengiriman sesuai estimasi,1
seriusan ini mah emang bagus bahannya dingin gk gampang kusut ukuran pas banget di bb kg panjang baju juga ok nyesel cm beli hihi,1
alhamdulillah uda sampai semua bagus smua tanpa kurang satu punterimakasih kak,1
terimakasih seller barang nyampe karna packing aman dan customer suka hehe thank u yaaaaa,1
harga murah barang sesuai dengan harga ada yg bagian lepas jahitannya maaf foto tdk sesuai dngan barang,0
terimakasih banyak kaa barangnya sudah sampaai bahannya adem sekali dan penjual ngasih alternatif warna kalau warna yang dipengenin ternyata hbis nanti akan repeat order lagii,1
dgn harga segitu menurut sya murah banget krna bahana tebal dan juga enak dipakai untuk bb mnurut sya agak sdikit longgar d bagian pinggangtp d paha ngepaskrna lg hamil juga saat initrimakasih seller,1
bahannya adem bagus saya pake ukuran xxl dan alhamdulillah pas,1
alhamdulillah terimakasih kak smga berkah sehat terus sukses buat jualan nya aamiin yaa rabbalalamiin,1
saya sering beli dtoko ini karena produknya bagus harganya murah juga terjangkaupokoknya ga nyesel beli dsinirecomended bgt,1
sepatunya bagus bahannya lumayan walau kegedean dikit gpp lah next time belanja lagi,1
kualitas produk baik harga sangat baik kecepatan pengiriman baik maaf video tidak semuai,1
kualitas produk sangat baik produk original harga produk sangat baik kecepatan pengemasan dan pengiriminan sangat baik dan cepat respon penjual sangat baik,1
cakep tas nyaharga murahagak lama pengiriman nyathanks,1
benarbenar real pick bagus bangett ini sudah yg ke kali memesan terimakasihh yaa semoga pelanggan aku suka,1
sepatunya pas bagussss saya suka pengiriman juga cepat,1
baguuusss makasiihh yaa packing aman rapi,1
bagus babget nggk nyesel beli disini kapan order lagi kurir ramah banget,1
alhamdulillah barang sudah sampai kualitas produk mantabsss jiwa pengiriman cepat thanks boskuuuu,1
kualitas produk sangat baik produk original harga produk sangat baikp,1
bagussssss pokoknya baguss mantappp harga the best bagus,1
bagus,1
keren pas banget diaku sesuai pseanan,1
barangnya bagus pengemasan standar lah pengiriman cepat,1
paketnya sudah datang semua sesuai pesanan tasnya bagus sekali bagus terimakasih,1
paketan sudah sampai alhamdulillah pengiriman ternyata cepet udah langganan di toko ini terimakasih kak sukses selalu dan menjaga kualitas barangnya selalu,1
alhamdupillah pesanan sampai barang bagus spt free kaos kaki,1
bahan ok lh tp maaf ya min sayang ada yg robek quality control nya ga ada kayanya klo smpe sobek gini bintang buat bisa lebih baik lg tokonya,0
bagus sesuai harga terimakasih,1
selalu puas belnja d sni dtgx sesuai d pajang kalau bsa ksih bnos yaaqch soalx saya bnyk banget belnja tassss d sniiiiii,1
bagus banget sepatunya realpict cuma minus kardus aja sih alhamdulilah mendarat dg selamat sepatunya nyaman di pakai solnya juga empuk semoga awet yaa terima kasih seller,1
terimakasih barang sudah saya terima dengan kondisi yg baik,1
makasiiiiiiiiiihhhhhhh yg penting amanah brg yg dtg sesuai jumlahx sesuai motifx,1
recomended bahan lembut dan adem pengiriman juga cepat,1
paketnya sdh sampai sesuai pesanan semoga anaknya suka dan cukup terima kasih boss next order lg,1
barang sesuai pesanan pengiriman cepat semua ok terima kasih,1
bagus banget barangnya ini di toko masih rb an tapi disini murah tapi kualitas oke bgtt,1
kualitas barang bagus,1
makasih bagus bangett,1
bahan bagus real pict god job smoga selalu amanah,1
hai hai terima kasih hijab nya cantik engga nyesel beli sini enak banget sorry baru kasih ulasan,1
bahan sesuai harga lumayan buat ganti sehari hari,1
sangat bagus,1
terima kasih atas pelayanan yg luar biasa orderan belum sampai menit langsung di proses pas minta dicancel karna double order katanya sdh d order kembali jg luar biasa utk itu anda pantas penghargaan setingginya ya bintang dilangit mudahan pemilik toko bs cari rejeki yg lebih baik lg,1
setiap belanja selalu ada saj belanja selalu ada saja barang yg tidak dikirim tidak jujur kadangana sempat vidio unboxing karna toko lain jujur semua saya pikir toko ini jujur juga ternyata tidak jujur sama sekali selalu ada barang yg kurang dikirimnya buat jera tidak akn saya order ketoko ini lagi,0
alhamdulillah baju dah nyampe dan kualitas produk nya bagus bangat,1
sampai dengan selamat overall bagus ga ada kurang hehe thx,1
psn kmren nyampe hr ni sumpah cepet bgt aku psn ukiran xl alhamdulillah pas bgt makasi kaka,1
suka banget bahanya bagusssssssssssssssssssssssssssss,1
pengirimann sngt cepattt sellernya fast responnn ramah bgt penjualnya baik ht barang real picture harga sgt baik pertahankan ya kak kualitas smoga jaya selaluu ga ush ragu blanja ditoko ini recomend next order lagi,1
kualitas produk yang baik produk original harga produk baik,1
mantap sesuai dgn gambar sukses selalu,1
makasih bagus banget brg gakafaayang salah realpict suka bgt thx u kakak pengrimana cpt bangett,1
bagus banget gaeesss real pict pengiriman cepatnext order lagi,1
subhanallah bagus bangetttty bahannya enak ihhhhh fix inimah langganan murah nyaman dipakenya wkwk jadi terhura semoga lancar usahanya,1
baru pertm kali order brng nya lengkap semua dan bgus bnget pelanggan ku suka smua pengiriman nya cpt dan pengemasan nya super rapi dan aman sukses trus yah kak prthnkn kualitas brng nya next order lagi,1
alhamdulillah barang sesuai,1
dukuh bajunya bagus banget bahannya jg adem suka bgt makasih buat toko ini pengiriman juga cpt bgt kirai pas gajian eh rupanya lebih cpt dr gajian,1
barang sudah sampai dengan baik dan pengiriman cepat maaf terlambat,1
suka sekali dengan produknya item nya the best kainnya juga nyaman d pakai pengen pesan lg,1
produk sangat bagus nyaman dipakai semoga saja awet dan tahan lama,1
mantap barangnya pengiriman lebih cepat maksih ya,1
pengirim super cepat banget belum jam kali yaa paket udah dateng untuk bahan suka banget adem nyaman pas dipake the real kulot premium sih the best lah pokoknya,1
alhamdulillah barang sampai sesuai pesanan,1
overall bagus sih ya untuk harga segini tapi untuk size yang sama m kok bisa beda cutting size m warna hijau beda cutting lengan nya dengan size m warna hitam yang warna hijau lebar dan pendek sedangkan warna hitam lebih panjang mungkin bisa dipastikan dan dicek lagi pas proses produksinya,0
pokoknya recoment bnget bahannya bagus mudah di bentuk is the bestlh,1
produknya bagus sesuai sama gambar banget gitu hahahah kirain uk kegedean di kaki gw ternyata pas biasanya uk kalau beli sepatu gitu intinya di toko ini barangnya bagus harganya juga terjangkau gitu engga nyesel kok kalau beli disini,1
barang sangat bagus ngga nyesel belanja di sini packingnya juga rapih banget pengiriman lumayan cepat,1
bahan bagus suka banget enak dipakai cocok dipakai untuk jalan²,1
alhamdulillah barangnya bagus sesuai dengan picture pokonya ia the best maaf gak sempet foto udah di ambil,1
kualitas produk sangat baik kecepatan pengiriman sangat cepat,1
bagus sesuai gambar dan deskripsi mkshhhh sellererrrrr,1
baguss bangett barangnyaa pokoknya recommendded deh gak nyesel belanja disini barang memuaskan sukakkkk,1
bagus lahh buat harga segitu mahhh murah bangett pengiriman juga cepet bangett makasih,1
terima kasih barang sudah sampai sesuai ukuran dan seesuai gambar bagus terima kasih ya,1
mantapp realpicttt bangttt tapi pengemasan nya cuman plastik aja ku kira pake kardus tapi nda papa bagus polll,1
suka bgt sama tasnya ga kayak tas local keren parah pokoknyaaaaa suka bgt sama tasnya ga kayak tas local keren parah pokoknyaaaaa suka bgt sama tasnya ga kayak tas local keren parah pokoknyaaaaa suka bgt sama tasnya ga kayak tas local keren parah pokoknyaaaaa suka bgt sama tasnya ga ka,1
kualitas produk sangat baik produk original harga produk sangat baik,1
barang udah sampai dg selamat mantul banget dah bajunya sesuai gambar lembut tebal halus pokoknya enak d pakai makasih tokonya yg sll amanah semoga tambah laris dan juga kurir nya yg ramah,1
